Top pages,Clicks,Impressions,CTR,Position
https://rapidautoshipping.com/,390,59702,0.65%,33.49
https://rapidautoshipping.com/virginia-to-ohio-auto-transport-service,241,9388,2.57%,9.64
https://rapidautoshipping.com/services/car-shipping-calculator,89,50078,0.18%,66.04
https://rapidautoshipping.com/state-to-state/michigan-to-california,89,5650,1.58%,25.42
https://rapidautoshipping.com/state-to-state/new-york-to-alabama,89,4627,1.92%,16.98
https://rapidautoshipping.com/state-to-state/alabama-to-texas,80,4289,1.87%,14.09
https://rapidautoshipping.com/georgia-to-florida-auto-transport,68,3652,1.86%,17.49
https://rapidautoshipping.com/state-to-state/alabama-to-colorado,65,3785,1.72%,10.48
https://rapidautoshipping.com/state-to-state/north-carolina-to-california,58,7866,0.74%,31.43
https://rapidautoshipping.com/austin-to-seattle-auto-transport,55,6857,0.8%,14.47
https://rapidautoshipping.com/state-to-state/california-to-north-carolina,53,12842,0.41%,27.22
https://rapidautoshipping.com/state-to-state/california-to-michigan,48,12746,0.38%,16.7
https://rapidautoshipping.com/state-to-state/arizona-to-new-jersey,48,3077,1.56%,10.54
https://rapidautoshipping.com/state-to-state/louisiana-to-california,45,1804,2.49%,11.84
https://rapidautoshipping.com/pennsylvania-to-illinois-auto-transport-service,41,3699,1.11%,6.82
https://rapidautoshipping.com/blogs/ship-from-new-york-to-florida,34,5164,0.66%,48.42
https://rapidautoshipping.com/state-to-state/georgia-to-california,27,4396,0.61%,30.93
https://rapidautoshipping.com/state-to-state/hawaii-to-california,27,2206,1.22%,63.52
https://rapidautoshipping.com/auto-transport-carriers/white-hawks-auto-llc,26,423,6.15%,13.94
https://rapidautoshipping.com/los-angeles-to-new-york-city-auto-transport,20,2097,0.95%,72.06
https://rapidautoshipping.com/blogs/boat-shipping-cost-calculator,18,12103,0.15%,17.46
https://rapidautoshipping.com/blogs/cost-from-texas-to-california,15,4708,0.32%,37.71
https://rapidautoshipping.com/pennsylvania-to-florida-auto-transport-service,15,2539,0.59%,46.57
https://rapidautoshipping.com/blogs/new-york-to-atlanta-auto-transport,15,1041,1.44%,27.88
https://rapidautoshipping.com/north-carolina-to-florida-auto-transport-service,14,2940,0.48%,37.95
https://rapidautoshipping.com/florida-to-texas-auto-transport-service,14,1534,0.91%,17.48
https://rapidautoshipping.com/pennsylvania-to-new-york-auto-transport-service,11,2288,0.48%,20.05
https://rapidautoshipping.com/illinois-to-florida-auto-transport,11,1385,0.79%,63.25
https://rapidautoshipping.com/states/idaho,11,456,2.41%,72.81
https://rapidautoshipping.com/state-to-state/california-to-tennessee,9,1616,0.56%,52.96
https://rapidautoshipping.com/state-to-state/new-york-to-florida,9,1222,0.74%,66.96
https://rapidautoshipping.com/state-to-state/arizona-to-colorado,8,2436,0.33%,7.41
https://rapidautoshipping.com/pennsylvania-to-north-carolina-auto-transport-service,8,717,1.12%,10.5
https://rapidautoshipping.com/state-to-state/california-to-texas,7,1672,0.42%,50.39
https://rapidautoshipping.com/state-to-state/california-to-oregon,7,1542,0.45%,41.28
https://rapidautoshipping.com/state-to-state/pennsylvania-to-california,7,1288,0.54%,17.35
https://rapidautoshipping.com/state-to-state/california-to-nebraska,7,470,1.49%,12.68
https://rapidautoshipping.com/reviews,7,353,1.98%,22.9
https://rapidautoshipping.com/state-to-state/new-jersey-to-california,6,2385,0.25%,25.26
https://rapidautoshipping.com/what-your-car-says-about-you,6,565,1.06%,13.95
https://rapidautoshipping.com/auto-transport-carriers/bears-transport,6,489,1.23%,8.83
https://rapidautoshipping.com/state-to-state/california-to-hawaii,5,2449,0.2%,67.71
https://rapidautoshipping.com/blogs/transport-car-to-mexico,5,2031,0.25%,16.23
https://rapidautoshipping.com/calculator,5,1311,0.38%,31.53
https://rapidautoshipping.com/state-to-state/arkansas-to-california,5,488,1.02%,12.35
https://rapidautoshipping.com/state-to-state/alabama-to-new-jersey,5,406,1.23%,9.52
https://rapidautoshipping.com/auto-transport-carriers/wave-auto-tranport,5,362,1.38%,13.95
https://rapidautoshipping.com/auto-transport-carriers/aledi-llc,5,63,7.94%,2.65
https://rapidautoshipping.com/why-are-cars-so-expensive-now,4,2425,0.16%,7.79
https://rapidautoshipping.com/florida-to-maryland-auto-transport-service,4,2217,0.18%,48.66
https://rapidautoshipping.com/state-to-state/california-to-virginia,4,1584,0.25%,38.18
https://rapidautoshipping.com/state-to-state/california-to-pennsylvania,4,816,0.49%,43.77
https://rapidautoshipping.com/georgia-to-new-york-auto-transport-service,4,630,0.63%,37.39
https://rapidautoshipping.com/auto-transport-carriers/smart-talk-transport-llc,4,258,1.55%,6.26
https://rapidautoshipping.com/adesa-auctions-auto-transport,4,145,2.76%,5.53
https://rapidautoshipping.com/blogs/cheapest-way-to-ship-a-car,3,5829,0.05%,36.37
https://rapidautoshipping.com/state-to-state/alaska-to-california,3,1232,0.24%,27.48
https://rapidautoshipping.com/pittsburgh-to-chicago-auto-transport,3,1096,0.27%,28.21
https://rapidautoshipping.com/state-to-state/indiana-to-california,3,949,0.32%,12.68
https://rapidautoshipping.com/auto-transport-carriers/yellow-brick-transport,3,375,0.8%,7.55
https://rapidautoshipping.com/chicago-to-virginia-beach-auto-transport,3,260,1.15%,54.62
https://rapidautoshipping.com/bethlehem-to-new-york-city-auto-transport,3,33,9.09%,46.58
https://rapidautoshipping.com/enclosed-car-transport,2,4988,0.04%,73.37
https://rapidautoshipping.com/states/michigan,2,1810,0.11%,65.45
https://rapidautoshipping.com/auto-transport-carriers/js-transportation,2,1020,0.2%,9.45
https://rapidautoshipping.com/state-to-state/california-to-new-jersey,2,1006,0.2%,27.83
https://rapidautoshipping.com/ohio-to-florida-auto-transport-service,2,682,0.29%,25.49
https://rapidautoshipping.com/services/cost-to-ship-a-bus,2,619,0.32%,18.79
https://rapidautoshipping.com/carmax-shipping-car-transportation,2,615,0.33%,12.45
https://rapidautoshipping.com/faqs/types-of-auto-transport,2,528,0.38%,56.87
https://rapidautoshipping.com/auto-transport-carriers/orange-auto-transport,2,439,0.46%,18.23
https://rapidautoshipping.com/state-to-state/colorado-to-alabama,2,395,0.51%,47.97
https://rapidautoshipping.com/contact-us,2,366,0.55%,5.32
https://rapidautoshipping.com/auto-transport-carriers/kwik-trans-inc,2,347,0.58%,7.88
https://rapidautoshipping.com/auto-transport-carriers/starway-logistics-llc,2,225,0.89%,9.48
https://rapidautoshipping.com/auto-transport-carriers/unified-auto-trans-corp,2,184,1.09%,6.01
https://rapidautoshipping.com/new-york-to-charlotte-auto-transport,2,160,1.25%,56.15
https://rapidautoshipping.com/auto-transport-carriers/monarch-car-shipping,2,143,1.4%,26.31
https://rapidautoshipping.com/auto-transport-carriers/fds-llc,2,84,2.38%,12.49
https://rapidautoshipping.com/auto-transport-carriers/viceroy-auto-trans,2,65,3.08%,12.62
https://rapidautoshipping.com/auto-transport-carriers/auto-cargo-export-llc,2,64,3.12%,17.09
https://rapidautoshipping.com/auto-transport-carriers/ika-group-llc,2,45,4.44%,5.22
https://rapidautoshipping.com/ultimate-guide-shipping-collector-show-cars,2,45,4.44%,27.36
https://rapidautoshipping.com/services/truck-shipping-service,1,5836,0.02%,70.9
https://rapidautoshipping.com/cheapest-car-shipping-company,1,3605,0.03%,48.8
https://rapidautoshipping.com/states/mississippi,1,3033,0.03%,66.28
https://rapidautoshipping.com/states/pennsylvania,1,2817,0.04%,50.01
https://rapidautoshipping.com/auto-transport-carriers,1,2709,0.04%,60.16
https://rapidautoshipping.com/states/alaska,1,2498,0.04%,62.71
https://rapidautoshipping.com/state-to-state/florida-to-california,1,2284,0.04%,59.04
https://rapidautoshipping.com/blogs/san-diego-auto-shipping,1,2059,0.05%,72.23
https://rapidautoshipping.com/states/new-york,1,2050,0.05%,65.95
https://rapidautoshipping.com/states/massachusetts,1,1622,0.06%,67.29
https://rapidautoshipping.com/philadelphia-to-los-angeles-auto-transport,1,1561,0.06%,11.03
https://rapidautoshipping.com/states/north-carolina,1,1547,0.06%,65.13
https://rapidautoshipping.com/states/illinois,1,1525,0.07%,64.97
https://rapidautoshipping.com/pennsylvania-to-texas-auto-transport-service,1,1446,0.07%,39.83
https://rapidautoshipping.com/atlanta-to-los-angeles-auto-transport,1,1310,0.08%,17.5
https://rapidautoshipping.com/autonation-auction-car-transportation,1,1160,0.09%,8.47
https://rapidautoshipping.com/state-to-state/california-to-ohio,1,1025,0.1%,36.61
https://rapidautoshipping.com/auto-transport-carriers/foremost-transport-inc,1,720,0.14%,15.4
https://rapidautoshipping.com/states/iowa,1,643,0.16%,64.75
https://rapidautoshipping.com/what-is-driveaway-service,1,548,0.18%,46.91
https://rapidautoshipping.com/pennsylvania-to-georgia-auto-transport-service,1,521,0.19%,16.14
https://rapidautoshipping.com/state-to-state/maryland-to-california,1,475,0.21%,17.52
https://rapidautoshipping.com/auto-transport-carriers/a-aaa-auto-transport-llc,1,456,0.22%,19.13
https://rapidautoshipping.com/auto-transport-carriers/allied-auto-shippers,1,435,0.23%,10.25
https://rapidautoshipping.com/auto-transport-carriers/transauto-logistics-corp,1,254,0.39%,6.43
https://rapidautoshipping.com/auto-transport-carriers/amg-transportation,1,237,0.42%,12.67
https://rapidautoshipping.com/auto-transport-carriers/premier-auto-carriers,1,197,0.51%,35.95
https://rapidautoshipping.com/cars/tesla-car-transport-service,1,166,0.6%,16.13
https://rapidautoshipping.com/ship-cargo-vans,1,154,0.65%,34.94
https://rapidautoshipping.com/faqs,1,148,0.68%,10.01
https://rapidautoshipping.com/faqs/port-to-port-transport,1,140,0.71%,5.87
https://rapidautoshipping.com/state-to-state/mississippi-to-california,1,125,0.8%,11.95
https://rapidautoshipping.com/state-to-state/arizona-to-alaska,1,109,0.92%,51.5
https://rapidautoshipping.com/auto-transport-carriers/silver-express-logistics,1,98,1.02%,10.68
https://rapidautoshipping.com/auto-transport-carriers/beacon-shipping-logistics,1,80,1.25%,9.28
https://rapidautoshipping.com/gas-vs-electric-vs-hybrid-cars,1,64,1.56%,68.69
https://rapidautoshipping.com/auto-transport-carriers/wolf-pack-transport,1,44,2.27%,21.41
https://rapidautoshipping.com/state-to-state/texas-to-colorado,1,44,2.27%,49.59
https://rapidautoshipping.com/why-snowbirds-are-leaving-earlier,1,41,2.44%,33.8
https://rapidautoshipping.com/car-breaks-down-far-from-home,1,38,2.63%,5.76
https://rapidautoshipping.com/el-paso-to-houston-auto-transport,1,31,3.23%,20.68
https://rapidautoshipping.com/auto-transport-carriers/united-freight-of-america,1,31,3.23%,24.9
https://rapidautoshipping.com/state-to-state/arizona-to-oregon,1,11,9.09%,47.18
https://rapidautoshipping.com/san-francisco-to-denver-auto-transport,1,8,12.5%,54.5
https://rapidautoshipping.com/state-to-state/alabama-to-ohio,1,3,33.33%,61.33
https://rapidautoshipping.com/minneapolis-to-phoenix-auto-transport,1,2,50%,1
https://rapidautoshipping.com/reading-to-chicago-auto-transport,1,2,50%,23.5
https://rapidautoshipping.com/states/hawaii,0,9269,0%,71.11
https://rapidautoshipping.com/states/california,0,8589,0%,73.43
https://rapidautoshipping.com/motorcycle-shipping,0,7489,0%,54.37
https://rapidautoshipping.com/exotic-car-transport,0,5349,0%,54.11
https://rapidautoshipping.com/services/average-cost-to-ship-a-car,0,4585,0%,77.28
https://rapidautoshipping.com/states/florida,0,4184,0%,73.82
https://rapidautoshipping.com/military-auto-shipping,0,4048,0%,77.49
https://rapidautoshipping.com/states/indiana,0,3428,0%,60.15
https://rapidautoshipping.com/blogs/boat-shipping-how-much-does-it-cost-to-transport-a-boat,0,3176,0%,54.99
https://rapidautoshipping.com/services/ship-car-across-the-country,0,2610,0%,78.75
https://rapidautoshipping.com/open-auto-transport,0,2508,0%,49.99
https://rapidautoshipping.com/auto-transport-insurance,0,2343,0%,72.56
https://rapidautoshipping.com/services/lowboy-shipping,0,2252,0%,52.22
https://rapidautoshipping.com/services/ship-car-to-another-state,0,2239,0%,80.36
https://rapidautoshipping.com/state-to-state/ohio-to-california,0,2182,0%,13.98
https://rapidautoshipping.com/state-to-state/alabama-to-new-york,0,1982,0%,14.81
https://rapidautoshipping.com/faqs/hawaii-car-shipping,0,1740,0%,78.96
https://rapidautoshipping.com/non-running-vehicle-transport,0,1737,0%,15.66
https://rapidautoshipping.com/auto-transport-carriers/us-canada-auto-transport,0,1714,0%,43.3
https://rapidautoshipping.com/state-to-state/oklahoma-to-oregon,0,1628,0%,4.96
https://rapidautoshipping.com/deals,0,1628,0%,34.86
https://rapidautoshipping.com/services/car-shipping-services,0,1604,0%,60.19
https://rapidautoshipping.com/states/washington-wa,0,1577,0%,63.84
https://rapidautoshipping.com/auto-transport-carriers/roadrunner-auto-transport,0,1506,0%,41.87
https://rapidautoshipping.com/services,0,1456,0%,25.13
https://rapidautoshipping.com/states/texas-tx,0,1446,0%,71.44
https://rapidautoshipping.com/state-to-state/texas-to-arizona,0,1383,0%,46.72
https://rapidautoshipping.com/states/south-carolina,0,1305,0%,75.49
https://rapidautoshipping.com/states/virginia-va,0,1259,0%,67.19
https://rapidautoshipping.com/states/maryland,0,1205,0%,65.92
https://rapidautoshipping.com/services/tractor-transport,0,1197,0%,46.68
https://rapidautoshipping.com/states/kentucky,0,1187,0%,57.12
https://rapidautoshipping.com/states/tennessee-tn,0,1146,0%,58.64
https://rapidautoshipping.com/state-to-state/illinois-to-california,0,1106,0%,24.01
https://rapidautoshipping.com/state-to-state/california-to-arizona,0,1088,0%,55.67
https://rapidautoshipping.com/blogs/enclosed-vs-open-car-shipping,0,1064,0%,67.44
https://rapidautoshipping.com/states/alabama,0,1059,0%,59.03
https://rapidautoshipping.com/states/ohio,0,1049,0%,66.58
https://rapidautoshipping.com/texas-to-illinois-auto-transport,0,1034,0%,32.02
https://rapidautoshipping.com/states/colorado,0,1012,0%,76.32
https://rapidautoshipping.com/faqs/atv-transport,0,931,0%,65.68
https://rapidautoshipping.com/states/minnesota,0,924,0%,71
https://rapidautoshipping.com/states/utah-ut,0,923,0%,64.61
https://rapidautoshipping.com/services/cheap-car-shipping,0,888,0%,65.14
https://rapidautoshipping.com/states/arizona,0,882,0%,75.4
https://rapidautoshipping.com/states/new-mexico,0,880,0%,65.7
https://rapidautoshipping.com/state-to-state/california-to-colorado,0,863,0%,21.94
https://rapidautoshipping.com/los-angeles-to-houston-auto-transport,0,845,0%,35.35
https://rapidautoshipping.com/states/delaware,0,822,0%,60.77
https://rapidautoshipping.com/states/georgia,0,814,0%,69.23
https://rapidautoshipping.com/san-jose-to-kansas-city-auto-transport,0,808,0%,80.72
https://rapidautoshipping.com/states/montana,0,802,0%,70.15
https://rapidautoshipping.com/services/classic-car-shipping,0,776,0%,69.24
https://rapidautoshipping.com/auto-transport-carriers/montway-auto-transport,0,771,0%,41.93
https://rapidautoshipping.com/state-to-state/new-jersey-to-florida,0,731,0%,55.82
https://rapidautoshipping.com/states/connecticut,0,719,0%,63.9
https://rapidautoshipping.com/blogs/terminal-to-terminal-auto-transport,0,716,0%,30.39
https://rapidautoshipping.com/cars,0,701,0%,30
https://rapidautoshipping.com/states/west-virginia-wv,0,697,0%,70.89
https://rapidautoshipping.com/services/fifth-wheel-transport,0,682,0%,45.02
https://rapidautoshipping.com/states/missouri,0,675,0%,67.94
https://rapidautoshipping.com/snowbird-car-transport-service,0,671,0%,54.54
https://rapidautoshipping.com/illinois-to-georgia-auto-transport,0,625,0%,9.55
https://rapidautoshipping.com/blogs/pittsburgh-car-shipping,0,611,0%,44.79
https://rapidautoshipping.com/washington-to-hawaii-auto-transport-service,0,608,0%,61.11
https://rapidautoshipping.com/services/transporting-cars-for-dealerships,0,603,0%,58.84
https://rapidautoshipping.com/states/new-jersey,0,589,0%,72.29
https://rapidautoshipping.com/services/forklift-transportation-company,0,588,0%,45.07
https://rapidautoshipping.com/orlando-to-fort-lauderdale-auto-transport,0,583,0%,74.65
https://rapidautoshipping.com/auto-transport-carriers/all-american-trucking-transport-inc,0,579,0%,14.01
https://rapidautoshipping.com/states/wisconsin-wi,0,565,0%,56.49
https://rapidautoshipping.com/state-to-state/california-to-washington,0,561,0%,23.4
https://rapidautoshipping.com/states/louisiana,0,560,0%,67.67
https://rapidautoshipping.com/about-us,0,558,0%,5.67
https://rapidautoshipping.com/best-places-to-retire-in-us,0,551,0%,83.7
https://rapidautoshipping.com/states/maine,0,541,0%,69.51
https://rapidautoshipping.com/georgia-to-texas-auto-transport,0,538,0%,17.24
https://rapidautoshipping.com/state-to-state/california-to-utah,0,516,0%,46.32
https://rapidautoshipping.com/faqs/atv-shipping,0,510,0%,69.84
https://rapidautoshipping.com/auto-transport-carriers/united-auto-transport,0,506,0%,16.61
https://rapidautoshipping.com/how-it-works,0,465,0%,5.86
https://rapidautoshipping.com/state-to-state/arizona-to-texas,0,457,0%,32.92
https://rapidautoshipping.com/auto-transport-carriers/all-state-to-state-auto-transport,0,452,0%,52.25
https://rapidautoshipping.com/state-to-state/california-to-nevada,0,448,0%,35.81
https://rapidautoshipping.com/missouri-auto-auction-transportation,0,439,0%,74.95
https://rapidautoshipping.com/state-to-state/arizona-to-california,0,427,0%,41.51
https://rapidautoshipping.com/services/door-to-door-auto-transport,0,425,0%,41.18
https://rapidautoshipping.com/faqs/ship-car-to-hawaii,0,417,0%,66.48
https://rapidautoshipping.com/auto-transport-carriers/puerto-rico-car-transport,0,416,0%,39.72
https://rapidautoshipping.com/chicago-to-los-angeles-auto-transport,0,412,0%,31.58
https://rapidautoshipping.com/state-to-state/massachusetts-to-california,0,412,0%,39.63
https://rapidautoshipping.com/states/oregon,0,404,0%,67.26
https://rapidautoshipping.com/atlanta-to-denver-auto-transport,0,397,0%,52.14
https://rapidautoshipping.com/states/oklahoma,0,393,0%,70.23
https://rapidautoshipping.com/auto-transport-carriers/american-connection-auto-transport-llc,0,386,0%,5.81
https://rapidautoshipping.com/faqs/open-air-transport,0,385,0%,28.71
https://rapidautoshipping.com/auto-transport-carriers/eship,0,382,0%,21.68
https://rapidautoshipping.com/pennsylvania-to-ohio-auto-transport-service,0,380,0%,6.52
https://rapidautoshipping.com/state-to-state/alaska-to-alabama,0,377,0%,87.73
https://rapidautoshipping.com/blogs/enclosed-auto-transport-chicago,0,365,0%,34.45
https://rapidautoshipping.com/state-to-state/california-to-florida,0,361,0%,70
https://rapidautoshipping.com/states/nebraska,0,358,0%,55.45
https://rapidautoshipping.com/dallas-to-san-antonio-auto-transport,0,357,0%,79.44
https://rapidautoshipping.com/blogs/los-angeles-auto-transport,0,357,0%,79.45
https://rapidautoshipping.com/states/wyoming-wy,0,356,0%,46.64
https://rapidautoshipping.com/hawaii-to-new-york-auto-transport-service,0,351,0%,66.1
https://rapidautoshipping.com/austin-to-charlotte-auto-transport,0,346,0%,73.64
https://rapidautoshipping.com/services/auto-auction-shipping,0,335,0%,27.76
https://rapidautoshipping.com/faqs/ebay-car-shipping,0,325,0%,35.47
https://rapidautoshipping.com/rental-car-auto-transport-service,0,321,0%,25.81
https://rapidautoshipping.com/blogs/advantages-of-line-haul-transportation,0,320,0%,72.76
https://rapidautoshipping.com/auto-transport-carriers/united-road-services-inc,0,319,0%,25.34
https://rapidautoshipping.com/states/south-dakota,0,315,0%,63.26
https://rapidautoshipping.com/states/arkansas,0,312,0%,71.09
https://rapidautoshipping.com/what-are-the-benefits-of-flatbed-auto-transport,0,300,0%,49.3
https://rapidautoshipping.com/state-to-state/california-to-illinois,0,299,0%,32.29
https://rapidautoshipping.com/state-to-state/california-to-georgia,0,299,0%,33.7
https://rapidautoshipping.com/faqs/car-shipping-time,0,299,0%,66.01
https://rapidautoshipping.com/san-jose-to-san-diego-auto-transport,0,296,0%,61.45
https://rapidautoshipping.com/washington-to-florida-auto-transport-service,0,295,0%,52.74
https://rapidautoshipping.com/state-to-state/california-to-indiana,0,285,0%,49.5
https://rapidautoshipping.com/state-to-state/california-to-louisiana,0,284,0%,55.59
https://rapidautoshipping.com/manheim-auctions-auto-transport,0,277,0%,27.74
https://rapidautoshipping.com/future-of-gas-cars-will-they-survive-ev-takeover,0,277,0%,33.91
https://rapidautoshipping.com/states/kansas,0,276,0%,65.72
https://rapidautoshipping.com/states/rhode-island,0,269,0%,69.89
https://rapidautoshipping.com/americas-car-auction-transport,0,268,0%,50.39
https://rapidautoshipping.com/auto-transport-carriers/direct-connect-auto-transport,0,267,0%,23.34
https://rapidautoshipping.com/new-york-to-texas-auto-transport-service,0,259,0%,27.09
https://rapidautoshipping.com/washington-dc-to-baltimore-auto-transport,0,256,0%,77.13
https://rapidautoshipping.com/cars/ferrari-car-transport-service,0,253,0%,22.42
https://rapidautoshipping.com/blogs/differences-between-shipping-a-vehicle-during-summer-vs-winter,0,253,0%,28.95
https://rapidautoshipping.com/college-student-car-shipping,0,245,0%,22.63
https://rapidautoshipping.com/state-to-state/california-to-arkansas,0,235,0%,70.25
https://rapidautoshipping.com/auto-transport-carriers/das-auto-shipper-com,0,233,0%,22.33
https://rapidautoshipping.com/tennessee-to-texas-auto-transport-service,0,233,0%,27.06
https://rapidautoshipping.com/state-to-state/alaska-to-idaho,0,232,0%,8.82
https://rapidautoshipping.com/pittsburgh-to-atlanta-auto-transport,0,227,0%,44.84
https://rapidautoshipping.com/cars/mercedes-benz-car-transport-service,0,226,0%,23.98
https://rapidautoshipping.com/state-to-state/connecticut-to-california,0,216,0%,10.36
https://rapidautoshipping.com/cars/bmw-car-transport-service,0,214,0%,17.27
https://rapidautoshipping.com/states/vermont-vt,0,214,0%,61.25
https://rapidautoshipping.com/services/multi-car-shipping,0,213,0%,36.62
https://rapidautoshipping.com/state-to-state/texas-to-arkansas,0,205,0%,69.35
https://rapidautoshipping.com/state-to-state/california-to-alaska,0,204,0%,68.18
https://rapidautoshipping.com/allentown-to-new-york-city-auto-transport,0,201,0%,36.78
https://rapidautoshipping.com/houston-to-el-paso-auto-transport,0,197,0%,52.85
https://rapidautoshipping.com/state-to-state/maine-to-california,0,192,0%,11.61
https://rapidautoshipping.com/auto-transport-carriers/midway-auto-carriers,0,192,0%,11.7
https://rapidautoshipping.com/texas-lone-star-auto-auction-transportation,0,192,0%,49.91
https://rapidautoshipping.com/blogs/jet-ski-transportation,0,188,0%,22.95
https://rapidautoshipping.com/grand-rapids-to-st-louis-auto-transport,0,187,0%,42.41
https://rapidautoshipping.com/cars/lexus-car-transport-service,0,186,0%,8.76
https://rapidautoshipping.com/services/line-haul-transport,0,183,0%,68.12
https://rapidautoshipping.com/state-to-state/texas-to-alabama,0,181,0%,69.48
https://rapidautoshipping.com/auto-transport-carriers/pa-transport-llc,0,177,0%,10.21
https://rapidautoshipping.com/how-to-move-car-without-driving,0,174,0%,41.44
https://rapidautoshipping.com/state-to-state/alabama-to-alaska,0,174,0%,69.83
https://rapidautoshipping.com/auto-transport-carriers/daily-direct-llc,0,173,0%,35.72
https://rapidautoshipping.com/state-to-state/new-hampshire-to-new-jersey,0,171,0%,47.87
https://rapidautoshipping.com/state-to-state/new-mexico-to-new-york,0,169,0%,9.04
https://rapidautoshipping.com/services/food-truck-shipping,0,168,0%,47.64
https://rapidautoshipping.com/faqs/avoid-auto-shipping-scams,0,168,0%,72.89
https://rapidautoshipping.com/blogs/why-do-auto-shipping-quote-differ,0,167,0%,79.79
https://rapidautoshipping.com/states/north-dakota,0,166,0%,36.81
https://rapidautoshipping.com/auto-transport-carriers/brothers-motors,0,165,0%,12.09
https://rapidautoshipping.com/tennessee-to-florida-auto-transport-service,0,164,0%,20.43
https://rapidautoshipping.com/states/new-hampshire,0,164,0%,59.31
https://rapidautoshipping.com/san-jose-to-los-angeles-auto-transport,0,162,0%,52.93
https://rapidautoshipping.com/cincinnati-to-cleveland-auto-transport,0,161,0%,59.27
https://rapidautoshipping.com/services/ambulance-shipping,0,160,0%,10.49
https://rapidautoshipping.com/state-to-state/california-to-montana,0,158,0%,34.42
https://rapidautoshipping.com/jacksonville-to-atlanta-auto-transport,0,158,0%,81.77
https://rapidautoshipping.com/auto-transport-carriers/premier-auto-shipping,0,154,0%,16.44
https://rapidautoshipping.com/how-can-i-track-my-vehicle-while-in-transit,0,152,0%,28.93
https://rapidautoshipping.com/portland-to-seattle-auto-transport,0,152,0%,78.57
https://rapidautoshipping.com/dallas-to-phoenix-auto-transport,0,151,0%,53.15
https://rapidautoshipping.com/ohio-to-nevada-auto-transport-service,0,150,0%,83.82
https://rapidautoshipping.com/state-to-state/colorado-to-california,0,139,0%,39.58
https://rapidautoshipping.com/dallas-to-el-paso-auto-transport,0,139,0%,66.55
https://rapidautoshipping.com/boston-to-tampa-auto-transport,0,135,0%,87.31
https://rapidautoshipping.com/philadelphia-to-dallas-auto-transport,0,134,0%,78.41
https://rapidautoshipping.com/attending-your-first-auto-show-or-car-meet,0,133,0%,8.01
https://rapidautoshipping.com/chicago-to-new-york-auto-transport,0,131,0%,10.03
https://rapidautoshipping.com/cars-as-assets-investment-vs-transportation,0,130,0%,72.72
https://rapidautoshipping.com/washington-to-texas-auto-transport-service,0,129,0%,42.5
https://rapidautoshipping.com/state-to-state/kentucky-to-california,0,129,0%,47.43
https://rapidautoshipping.com/top-most-searched-cars-us,0,127,0%,8.6
https://rapidautoshipping.com/is-it-cheaper-to-fly-or-drive,0,125,0%,15.6
https://rapidautoshipping.com/atlanta-to-charlotte-auto-transport,0,125,0%,71.43
https://rapidautoshipping.com/state-to-state/california-to-connecticut,0,123,0%,30.4
https://rapidautoshipping.com/state-to-state/california-to-wisconsin,0,123,0%,37.51
https://rapidautoshipping.com/auto-transport-carriers/ready-auto-transport-rat,0,122,0%,15.29
https://rapidautoshipping.com/auto-transport-carriers/direct-auto-carrier,0,122,0%,16.62
https://rapidautoshipping.com/auto-transport-carriers/schumacher-cargo-logistics,0,121,0%,25.68
https://rapidautoshipping.com/auto-transport-carriers/transport-kings-llc,0,118,0%,12.81
https://rapidautoshipping.com/state-to-state/michigan-to-minnesota,0,117,0%,57.31
https://rapidautoshipping.com/blogs/ship-car-by-train,0,116,0%,65.41
https://rapidautoshipping.com/auto-transport-carriers/fast-forward-auto-transport,0,115,0%,32.66
https://rapidautoshipping.com/states/nevada,0,114,0%,70.6
https://rapidautoshipping.com/state-to-state/california-to-kansas,0,113,0%,10.43
https://rapidautoshipping.com/auto-transport-carriers/cruise-control-auto-transport,0,111,0%,9.88
https://rapidautoshipping.com/riverside-to-san-jose-auto-transport,0,110,0%,68.23
https://rapidautoshipping.com/states,0,108,0%,8.59
https://rapidautoshipping.com/state-to-state/alabama-to-california,0,107,0%,16.36
https://rapidautoshipping.com/florida-to-alabama-auto-transport-service,0,106,0%,24.08
https://rapidautoshipping.com/california-to-georgia-auto-transport-service,0,105,0%,7.79
https://rapidautoshipping.com/auto-transport-carriers/thomas-c-sunday-inc,0,104,0%,7.58
https://rapidautoshipping.com/auto-transport-carriers/mvs-canada-logistics,0,103,0%,8.86
https://rapidautoshipping.com/state-to-state/connecticut-to-delaware,0,103,0%,55.15
https://rapidautoshipping.com/auto-transport-carriers/auto-transport-nationwide-corp,0,103,0%,68.85
https://rapidautoshipping.com/state-to-state/california-to-wyoming,0,99,0%,18.38
https://rapidautoshipping.com/electric-vehicle-shipping,0,97,0%,46.71
https://rapidautoshipping.com/faqs/auto-transport-deposit,0,95,0%,7.51
https://rapidautoshipping.com/state-to-state/iowa-to-california,0,95,0%,17.27
https://rapidautoshipping.com/long-distance-towing-service,0,94,0%,11.1
https://rapidautoshipping.com/miami-to-st-louis-auto-transport,0,94,0%,68.93
https://rapidautoshipping.com/cars/mercury-car-transport-service,0,93,0%,25.63
https://rapidautoshipping.com/cars/kia-car-transport-service,0,92,0%,8.71
https://rapidautoshipping.com/auto-transport-carriers/regal-express-llc,0,92,0%,21.37
https://rapidautoshipping.com/auto-transport-carriers/united-auto-movers,0,92,0%,59.7
https://rapidautoshipping.com/state-to-state/oregon-to-california,0,90,0%,12.23
https://rapidautoshipping.com/state-to-state/california-to-vermont,0,90,0%,12.6
https://rapidautoshipping.com/yacht-shipping,0,90,0%,18.94
https://rapidautoshipping.com/auto-transport-carriers/sdm-transport,0,89,0%,17.39
https://rapidautoshipping.com/city-to-city,0,89,0%,34.57
https://rapidautoshipping.com/state-to-state/missouri-to-california,0,88,0%,18.36
https://rapidautoshipping.com/state-to-state/california-to-mississippi,0,86,0%,20.7
https://rapidautoshipping.com/raleigh-to-salt-lake-city-auto-transport,0,86,0%,76.85
https://rapidautoshipping.com/state-to-state/new-jersey-to-alabama,0,83,0%,54.96
https://rapidautoshipping.com/houston-to-orlando-auto-transport,0,82,0%,16.54
https://rapidautoshipping.com/blogs/boat-shipping-companies,0,82,0%,55.88
https://rapidautoshipping.com/blogs,0,81,0%,42.1
https://rapidautoshipping.com/cars/ford-car-transport-service,0,81,0%,52.44
https://rapidautoshipping.com/why-an-auto-transport-broker-is-your-best-choice,0,81,0%,75.67
https://rapidautoshipping.com/auto-transport-carriers/autobox-transports,0,79,0%,22.56
https://rapidautoshipping.com/ ,0,78,0%,4.31
https://rapidautoshipping.com/nashville-to-orlando-auto-transport,0,78,0%,60.08
https://rapidautoshipping.com/california-to-south-carolina-car-shipping,0,76,0%,36.88
https://rapidautoshipping.com/auto-transport-carriers/uz-auto-tranport-inc,0,75,0%,18.29
https://rapidautoshipping.com/state-to-state/arkansas-to-arizona,0,75,0%,70.25
https://rapidautoshipping.com/cars/hyundai-car-transport-service,0,74,0%,9.92
https://rapidautoshipping.com/state-to-state/california-to-maine,0,74,0%,26.96
https://rapidautoshipping.com/services/international-car-shipping,0,73,0%,81.68
https://rapidautoshipping.com/state-to-state/california-to-maryland,0,72,0%,63.1
https://rapidautoshipping.com/cars/cadillac-car-transport-service,0,70,0%,8.84
https://rapidautoshipping.com/cleveland-to-cincinnati-auto-transport,0,70,0%,47.54
https://rapidautoshipping.com/el-paso-to-san-antonio-auto-transport,0,70,0%,54.53
https://rapidautoshipping.com/state-to-state/new-york-to-california,0,70,0%,64.9
https://rapidautoshipping.com/freightliner-cascadia,0,67,0%,23.31
https://rapidautoshipping.com/faqs/race-car-transport,0,66,0%,42.98
https://rapidautoshipping.com/raleigh-to-phoenix-auto-transport,0,65,0%,82
https://rapidautoshipping.com/cars/toyota-car-transport-service,0,63,0%,9.86
https://rapidautoshipping.com/auto-transport-carriers/blue-star-auto-carriers,0,63,0%,15.83
https://rapidautoshipping.com/auto-transport-carriers/2-js-auto-transport,0,62,0%,11.5
https://rapidautoshipping.com/new-orleans-to-baton-rouge-auto-transport,0,62,0%,58.53
https://rapidautoshipping.com/pittsburgh-to-philadelphia-auto-transport,0,62,0%,58.53
https://rapidautoshipping.com/indianapolis-to-salt-lake-city-auto-transport,0,62,0%,81.79
https://rapidautoshipping.com/auto-transport-carriers/tru-auto-transport-inc,0,60,0%,9.37
https://rapidautoshipping.com/miami-to-denver-auto-transport,0,60,0%,57.55
https://rapidautoshipping.com/snowbird-auto-transport-guide,0,59,0%,23.54
https://rapidautoshipping.com/north-carolina-to-texas-auto-transport-service,0,59,0%,42.64
https://rapidautoshipping.com/st-louis-to-kansas-city-auto-transport,0,59,0%,44.63
https://rapidautoshipping.com/services/new-holland-tractor,0,59,0%,68.42
https://rapidautoshipping.com/tampa-to-orlando-auto-transport,0,59,0%,71.41
https://rapidautoshipping.com/state-to-state/maine-to-maryland,0,57,0%,17.63
https://rapidautoshipping.com/does-mileage-affect-car-value,0,57,0%,22.79
https://rapidautoshipping.com/state-to-state/alabama-to-arizona,0,57,0%,25.18
https://rapidautoshipping.com/state-to-state/california-to-south-carolina,0,57,0%,36.98
https://rapidautoshipping.com/state-to-state/north-carolina-to-north-dakota,0,56,0%,10.45
https://rapidautoshipping.com/state-to-state/arizona-to-massachusetts,0,56,0%,47.14
https://rapidautoshipping.com/state-to-state/california-to-delaware,0,56,0%,48.82
https://rapidautoshipping.com/how-to-ship-a-car-bought-online,0,56,0%,75.75
https://rapidautoshipping.com/cleveland-to-columbus-auto-transport,0,56,0%,76.52
https://rapidautoshipping.com/cars/rolls-royce-car-transport-service,0,54,0%,11.7
https://rapidautoshipping.com/state-to-state/colorado-to-connecticut,0,52,0%,23.17
https://rapidautoshipping.com/cars/bugatti-car-transport-service,0,51,0%,6.16
https://rapidautoshipping.com/state-to-state/california-to-alabama,0,51,0%,62.51
https://rapidautoshipping.com/miami-to-hartford-auto-transport,0,51,0%,75.86
https://rapidautoshipping.com/state-to-state/kentucky-to-louisiana,0,50,0%,15.3
https://rapidautoshipping.com/blogs/summer-car-shipping,0,50,0%,26.12
https://rapidautoshipping.com/state-to-state/ohio-to-oklahoma,0,49,0%,21.18
https://rapidautoshipping.com/state-to-state/arizona-to-michigan,0,49,0%,55.02
https://rapidautoshipping.com/state-to-state/alaska-to-connecticut,0,48,0%,81.52
https://rapidautoshipping.com/blogs/benefits-of-enclosed-auto-transport,0,47,0%,17.45
https://rapidautoshipping.com/boston-to-los-angeles-auto-transport,0,47,0%,21.98
https://rapidautoshipping.com/blogs/auto-transport-seattle,0,47,0%,44.77
https://rapidautoshipping.com/services/heavy-equipment-shipping,0,47,0%,53.66
https://rapidautoshipping.com/sacramento-to-san-francisco-auto-transport,0,47,0%,86.6
https://rapidautoshipping.com/auto-transport-carriers/alpine-logistics-llc,0,46,0%,28.72
https://rapidautoshipping.com/cars/chevrolet-car-transport-service,0,45,0%,7.82
https://rapidautoshipping.com/cars/aston-martin-car-transport-service,0,45,0%,11.27
https://rapidautoshipping.com/blogs/pros-and-cons-of-auto-shipping,0,45,0%,61.36
https://rapidautoshipping.com/services/rv-transport,0,45,0%,79
https://rapidautoshipping.com/state-to-state/kansas-to-kentucky,0,44,0%,16.39
https://rapidautoshipping.com/state-to-state/oregon-to-pennsylvania,0,44,0%,21.5
https://rapidautoshipping.com/faqs/ship-car-by-train,0,44,0%,50.75
https://rapidautoshipping.com/miami-to-houston-auto-transport,0,44,0%,54.25
https://rapidautoshipping.com/state-to-state/nebraska-to-nevada,0,43,0%,13.23
https://rapidautoshipping.com/texas-to-utah-auto-transport-service,0,42,0%,32.26
https://rapidautoshipping.com/philadelphia-to-seattle-auto-transport,0,42,0%,48.76
https://rapidautoshipping.com/cars/subaru-car-transport-service,0,41,0%,12.1
https://rapidautoshipping.com/cars/nissan-car-transport-service,0,41,0%,12.22
https://rapidautoshipping.com/atlanta-to-chicago-auto-transport,0,41,0%,29.98
https://rapidautoshipping.com/state-to-state/california-to-iowa,0,41,0%,31.85
https://rapidautoshipping.com/state-to-state/arizona-to-south-dakota,0,41,0%,34.63
https://rapidautoshipping.com/hidden-costs-of-moving-to-another-state,0,41,0%,62.22
https://rapidautoshipping.com/auto-transport-carriers/autocarry-com,0,40,0%,9.05
https://rapidautoshipping.com/faqs/shipping-car-expired-registration,0,40,0%,10.25
https://rapidautoshipping.com/state-to-state/nevada-to-new-hampshire,0,40,0%,10.3
https://rapidautoshipping.com/cars/porsche-car-transport-services,0,40,0%,20.75
https://rapidautoshipping.com/state-to-state/minnesota-to-mississippi,0,40,0%,30.07
https://rapidautoshipping.com/auto-transport-carriers/certified-auto-shippers-llc,0,40,0%,75.4
https://rapidautoshipping.com/state-to-state/missouri-to-alabama,0,40,0%,92.95
https://rapidautoshipping.com/auto-transport-carriers/volk-transport-llc,0,39,0%,7.38
https://rapidautoshipping.com/state-to-state/montana-to-nebraska,0,39,0%,7.46
https://rapidautoshipping.com/auto-transport-carriers/lucys-transport-llc,0,39,0%,12.44
https://rapidautoshipping.com/state-to-state/alaska-to-florida,0,39,0%,79.97
https://rapidautoshipping.com/cars/honda-car-transport-service,0,38,0%,11.63
https://rapidautoshipping.com/state-to-state/california-to-new-hampshire,0,38,0%,12.58
https://rapidautoshipping.com/state-to-state/california-to-idaho,0,38,0%,15.18
https://rapidautoshipping.com/state-to-state/california-to-kentucky,0,38,0%,28.87
https://rapidautoshipping.com/state-to-state/oklahoma-to-california,0,38,0%,31.47
https://rapidautoshipping.com/state-to-state/arizona-to-florida,0,38,0%,36.21
https://rapidautoshipping.com/terms-and-conditions,0,37,0%,10.57
https://rapidautoshipping.com/state-to-state/massachusetts-to-michigan,0,37,0%,30.86
https://rapidautoshipping.com/cars/dodge-car-transport-service,0,36,0%,5.89
https://rapidautoshipping.com/auto-transport-carriers/prestige-carrier-inc,0,36,0%,19.89
https://rapidautoshipping.com/los-angeles-to-las-vegas-auto-transport,0,36,0%,44.86
https://rapidautoshipping.com/auto-transport-carriers/patriot-auto-transport,0,35,0%,15.74
https://rapidautoshipping.com/auto-transport-carriers/motion-auto-carriers-llc,0,35,0%,23.34
https://rapidautoshipping.com/state-to-state,0,35,0%,49.94
https://rapidautoshipping.com/sacramento-to-columbus-auto-transport,0,35,0%,63.49
https://rapidautoshipping.com/philadelphia-to-miami-auto-transport,0,35,0%,66.2
https://rapidautoshipping.com/cars/rivian-car-transport-service,0,35,0%,72.4
https://rapidautoshipping.com/state-to-state/north-dakota-to-ohio,0,34,0%,9.71
https://rapidautoshipping.com/cars/fiat-car-transport-service,0,34,0%,10.24
https://rapidautoshipping.com/state-to-state/montana-to-california,0,34,0%,24.59
https://rapidautoshipping.com/philadelphia-to-san-diego-auto-transport,0,34,0%,53.62
https://rapidautoshipping.com/atlanta-to-houston-auto-transport,0,34,0%,63.94
https://rapidautoshipping.com/new-orleans-to-houston-auto-transport,0,34,0%,86.15
https://rapidautoshipping.com/state-to-state/arizona-to-hawaii,0,33,0%,36.06
https://rapidautoshipping.com/state-to-state/delaware-to-california,0,32,0%,7.31
https://rapidautoshipping.com/cars/jaguar-car-transport-service,0,32,0%,7.41
https://rapidautoshipping.com/state-to-state/arizona-to-arkansas,0,32,0%,12.94
https://rapidautoshipping.com/new-york-city-to-miami-auto-transport,0,32,0%,20.69
https://rapidautoshipping.com/state-to-state/arizona-to-alabama,0,32,0%,73.94
https://rapidautoshipping.com/cars/acura-car-transport-service,0,31,0%,7.32
https://rapidautoshipping.com/state-to-state/california-to-new-mexico,0,31,0%,40.23
https://rapidautoshipping.com/state-to-state/california-to-minnesota,0,31,0%,48.23
https://rapidautoshipping.com/oklahoma-city-to-kansas-city-auto-transport,0,31,0%,73.19
https://rapidautoshipping.com/minneapolis-to-cincinnati-auto-transport,0,30,0%,31.83
https://rapidautoshipping.com/georgia-to-tennessee-auto-transport-service,0,30,0%,69.47
https://rapidautoshipping.com/cars/gmc-car-shipping-company,0,29,0%,14.28
https://rapidautoshipping.com/louisiana-to-texas-auto-transport,0,29,0%,31.83
https://rapidautoshipping.com/faqs/first-time-auto-shipping-guide,0,29,0%,79.76
https://rapidautoshipping.com/blogs/find-the-right-dallas-car-shipping-company,0,29,0%,80.59
https://rapidautoshipping.com/state-to-state/indiana-to-iowa,0,28,0%,7.61
https://rapidautoshipping.com/st-paul-to-fresno-auto-transport,0,28,0%,82.36
https://rapidautoshipping.com/cars/mitsubishi-car-transport-service,0,27,0%,4.15
https://rapidautoshipping.com/cars/alfa-romeo-car-transport-service,0,27,0%,5.48
https://rapidautoshipping.com/auto-transport-carriers/caa-transport,0,27,0%,6
https://rapidautoshipping.com/cars/bentley-car-transport-service,0,27,0%,12.41
https://rapidautoshipping.com/state-to-state/california-to-missouri,0,27,0%,15.59
https://rapidautoshipping.com/pittsburgh-to-houston-auto-transport,0,27,0%,20.41
https://rapidautoshipping.com/state-to-state/arizona-to-new-york,0,27,0%,28.59
https://rapidautoshipping.com/state-to-state/new-mexico-to-arizona,0,27,0%,49.26
https://rapidautoshipping.com/portland-auto-auction-transportation,0,27,0%,60.67
https://rapidautoshipping.com/state-to-state/louisiana-to-maine,0,26,0%,5.5
https://rapidautoshipping.com/auto-transport-carriers/incognito-express,0,26,0%,6.35
https://rapidautoshipping.com/state-to-state/alabama-to-wyoming,0,26,0%,18.5
https://rapidautoshipping.com/minneapolis-to-milwaukee-auto-transport,0,26,0%,47.69
https://rapidautoshipping.com/state-to-state/california-to-oklahoma,0,26,0%,56.85
https://rapidautoshipping.com/auto-transport-carriers/nao-auto,0,25,0%,6.32
https://rapidautoshipping.com/cars/maserati-car-transport-services,0,25,0%,6.48
https://rapidautoshipping.com/auto-transport-carriers/dy-trucking,0,25,0%,8.68
https://rapidautoshipping.com/cars/land-rover-car-transport-service,0,25,0%,15.2
https://rapidautoshipping.com/state-to-state/alabama-to-hawaii,0,25,0%,31.96
https://rapidautoshipping.com/faqs/door-to-door-auto-shipping,0,25,0%,67.88
https://rapidautoshipping.com/state-to-state/alaska-to-arkansas,0,25,0%,89.24
https://rapidautoshipping.com/auto-transport-carriers/image-auto-group-llc,0,24,0%,51.08
https://rapidautoshipping.com/state-to-state/california-to-south-dakota,0,24,0%,51.42
https://rapidautoshipping.com/abc-birmingham-auto-transportation,0,24,0%,56.29
https://rapidautoshipping.com/phoenix-to-chicago-auto-transport,0,24,0%,77.04
https://rapidautoshipping.com/auto-transport-carriers/redhill-logistics-llc,0,23,0%,6.39
https://rapidautoshipping.com/little-rock-to-memphis-auto-transport,0,23,0%,48.91
https://rapidautoshipping.com/state-to-state/alaska-to-arizona,0,23,0%,51.52
https://rapidautoshipping.com/los-angeles-to-milwaukee-auto-transport,0,23,0%,69.17
https://rapidautoshipping.com/chicago-to-seattle-auto-transport,0,22,0%,13.55
https://rapidautoshipping.com/auto-transport-carriers/nw-express-trucking,0,22,0%,21.14
https://rapidautoshipping.com/houston-to-corpus-christi-auto-transport,0,22,0%,46.55
https://rapidautoshipping.com/buffalo-to-new-york-city-auto-transport,0,22,0%,74.55
https://rapidautoshipping.com/san-diego-to-atlanta-auto-transport,0,22,0%,75.36
https://rapidautoshipping.com/denver-to-atlanta-auto-transport,0,22,0%,85.09
https://rapidautoshipping.com/state-to-state/alaska-to-colorado,0,21,0%,20.71
https://rapidautoshipping.com/scranton-to-new-york-city-auto-transport,0,21,0%,22.14
https://rapidautoshipping.com/philadelphia-to-denver-auto-transport,0,21,0%,33.57
https://rapidautoshipping.com/albuquerque-to-phoenix-auto-transport,0,21,0%,72.24
https://rapidautoshipping.com/subscription-based-car-ownership,0,21,0%,76.57
https://rapidautoshipping.com/faqs/car-shipping-duration,0,21,0%,85.67
https://rapidautoshipping.com/blogs/right-auto-transport-carrier-for-your-vehicle,0,20,0%,54.95
https://rapidautoshipping.com/state-to-state/california-to-north-dakota,0,20,0%,65.95
https://rapidautoshipping.com/state-to-state/alabama-to-massachusetts,0,19,0%,11.89
https://rapidautoshipping.com/state-to-state/maryland-to-massachusetts,0,19,0%,14.58
https://rapidautoshipping.com/boston-to-san-francisco,0,19,0%,20.84
https://rapidautoshipping.com/state-to-state/new-hampshire-to-california,0,18,0%,40.11
https://rapidautoshipping.com/michigan-to-nevada-auto-transport,0,18,0%,63.67
https://rapidautoshipping.com/portland-to-richmond-auto-transport,0,18,0%,65
https://rapidautoshipping.com/cars/mazda-car-transport-service,0,17,0%,5.76
https://rapidautoshipping.com/state-to-state/alabama-to-florida,0,17,0%,12.76
https://rapidautoshipping.com/auto-transport-carriers/gran-turismo-motorsports,0,17,0%,14
https://rapidautoshipping.com/state-to-state/arizona-to-washington,0,17,0%,31.18
https://rapidautoshipping.com/rochester-to-new-york-city-auto-transport,0,17,0%,55.35
https://rapidautoshipping.com/miami-to-jacksonville-auto-transport,0,17,0%,60.71
https://rapidautoshipping.com/minneapolis-to-austin-auto-transport,0,17,0%,68.29
https://rapidautoshipping.com/fresno-to-detroit-auto-transport,0,17,0%,90.53
https://rapidautoshipping.com/relocating-families-car-shipping-services,0,16,0%,9.69
https://rapidautoshipping.com/auto-transport-carriers/east-west-auto-transport,0,16,0%,10.5
https://rapidautoshipping.com/auto-transport-carriers/tito-auto-transport-inc,0,16,0%,16.38
https://rapidautoshipping.com/_next/image?url=https://res.cloudinary.com/dz2zovmf1/image/upload/v1754128897/auto_auction_5_guqmsi.webp&w=3840&q=75,0,16,0%,19.62
https://rapidautoshipping.com/cars/koenigsegg-car-transport-service,0,16,0%,47.56
https://rapidautoshipping.com/north-carolina-to-arizona-auto-transport-service,0,16,0%,56
https://rapidautoshipping.com/auto-transport-carriers/johns-trucking-auto-transportation-ll,0,15,0%,23.53
https://rapidautoshipping.com/state-to-state/iowa-to-alabama,0,15,0%,33
https://rapidautoshipping.com/philadelphia-to-atlanta-auto-transport,0,15,0%,38.93
https://rapidautoshipping.com/can-i-ship-a-car-without-a-title,0,15,0%,52.8
https://rapidautoshipping.com/chicago-to-boston-auto-transport,0,15,0%,75.53
https://rapidautoshipping.com/san-antonio-to-phoenix-auto-transport,0,15,0%,77.13
https://rapidautoshipping.com/state-to-state/arizona-to-virginia,0,15,0%,80.4
https://rapidautoshipping.com/auto-transport-carriers/fht-auto-transport-inc,0,14,0%,59.93
https://rapidautoshipping.com/state-to-state/kansas-to-california,0,14,0%,61.14
https://rapidautoshipping.com/philadelphia-to-richmond-auto-transport,0,14,0%,61.21
https://rapidautoshipping.com/atlanta-to-dallas-auto-transport,0,14,0%,80.79
https://rapidautoshipping.com/faqs/payment-options,0,13,0%,16.15
https://rapidautoshipping.com/state-to-state/nebraska-to-alabama,0,13,0%,43.15
https://rapidautoshipping.com/state-to-state/hawaii-to-alabama,0,13,0%,52.46
https://rapidautoshipping.com/sacramento-to-richmond-auto-transport,0,13,0%,86.08
https://rapidautoshipping.com/cars/ram-car-transport-service,0,12,0%,12.5
https://rapidautoshipping.com/state-to-state/minnesota-to-california,0,12,0%,17.58
https://rapidautoshipping.com/salt-lake-city-to-las-vegas-auto-transport,0,12,0%,18.83
https://rapidautoshipping.com/eugene-to-portland-auto-transport,0,12,0%,34.75
https://rapidautoshipping.com/baltimore-to-hartford-auto-transport,0,12,0%,41.17
https://rapidautoshipping.com/auto-transport-carriers/uptown-transport,0,12,0%,53
https://rapidautoshipping.com/richmond-to-portland-auto-transport,0,12,0%,80.67
https://rapidautoshipping.com/auto-transport-carriers/way-to-go-auto-transport-llc,0,11,0%,5.36
https://rapidautoshipping.com/state-to-state/alabama-to-north-dakota,0,11,0%,17.82
https://rapidautoshipping.com/san-antonio-to-dallas-auto-transport,0,11,0%,31.18
https://rapidautoshipping.com/bought-a-car-on-facebook-marketplace,0,11,0%,55.91
https://rapidautoshipping.com/services/komatsu-equipment-shipping,0,11,0%,66.91
https://rapidautoshipping.com/tampa-to-jacksonville-auto-transport,0,10,0%,39.2
https://rapidautoshipping.com/nebraska-to-colorado-auto-transport-service,0,10,0%,43.7
https://rapidautoshipping.com/milwaukee-to-pittsburgh-auto-transport,0,10,0%,50.6
https://rapidautoshipping.com/auto-transport-carriers/longhorn-auto-haulers,0,10,0%,74
https://rapidautoshipping.com/auto-transport-carriers/ebro-llc,0,10,0%,78.4
https://rapidautoshipping.com/austin-and-buffalo-auto-transport,0,10,0%,79.7
https://rapidautoshipping.com/birmingham-to-memphis-auto-transport,0,10,0%,92.9
https://rapidautoshipping.com/auto-transport-carriers/philly-express-group-llc,0,9,0%,5.67
https://rapidautoshipping.com/cleveland-to-pittsburgh-auto-transport,0,9,0%,25.22
https://rapidautoshipping.com/south-bay-auto-auction-transportation,0,9,0%,36
https://rapidautoshipping.com/state-to-state/arizona-to-mississippi,0,9,0%,39
https://rapidautoshipping.com/atlanta-to-tampa-auto-transport,0,9,0%,56.67
https://rapidautoshipping.com/is-an-ev-worth-it,0,9,0%,66.89
https://rapidautoshipping.com/austin-to-san-diego-auto-transport,0,9,0%,80.44
https://rapidautoshipping.com/providence-to-cleveland-auto-transport,0,8,0%,9.5
https://rapidautoshipping.com/auto-transport-carriers/ez-auto-carriers,0,8,0%,26.5
https://rapidautoshipping.com/dallas-to-los-angeles-auto-transport,0,8,0%,29.25
https://rapidautoshipping.com/state-to-state/georgia-to-alabama,0,8,0%,52.25
https://rapidautoshipping.com/new-york-city-to-austin-auto-transport,0,8,0%,58
https://rapidautoshipping.com/modern-vs-older-cars-long-distance-durability,0,8,0%,58.75
https://rapidautoshipping.com/virginia-beach-to-los-angeles-auto-transport,0,8,0%,64
https://rapidautoshipping.com/state-to-state/alabama-to-georgia,0,8,0%,68.88
https://rapidautoshipping.com/atlanta-to-savannah-auto-transport,0,8,0%,89.12
https://rapidautoshipping.com/auto-transport-carriers/sha-transport-llc,0,7,0%,5
https://rapidautoshipping.com/auto-transport-carriers/riley-auto-transport,0,7,0%,8.71
https://rapidautoshipping.com/auto-transport-carriers/uptown-hookup-llc,0,7,0%,10
https://rapidautoshipping.com/cars/genesis-car-transport-service,0,7,0%,25.43
https://rapidautoshipping.com/faqs/guaranteed-car-pick-up,0,7,0%,27.14
https://rapidautoshipping.com/harrisburg-to-new-york-city-auto-transport,0,7,0%,29.29
https://rapidautoshipping.com/boston-to-san-francisco-auto-transport,0,7,0%,29.43
https://rapidautoshipping.com/state-to-state/arizona-to-ohio,0,7,0%,42.71
https://rapidautoshipping.com/chicago-to-minneapolis-auto-transport,0,7,0%,50.86
https://rapidautoshipping.com/carolina-auto-auctions-transportation,0,7,0%,53.43
https://rapidautoshipping.com/pittsburgh-to-nashville-auto-transport,0,7,0%,56.29
https://rapidautoshipping.com/state-to-state/alaska-to-indiana,0,7,0%,90.71
https://rapidautoshipping.com/san-diego-to-chicago-auto-transport,0,7,0%,91.43
https://rapidautoshipping.com/auto-transport-carriers/upscale-auto-transport,0,6,0%,7.83
https://rapidautoshipping.com/allentown-to-philadelphia-auto-transport,0,6,0%,8.5
https://rapidautoshipping.com/scranton-to-pittsburgh-auto-transport,0,6,0%,11.33
https://rapidautoshipping.com/cars/shelby-car-transport-service,0,6,0%,17.33
https://rapidautoshipping.com/cars/mini-car-transport-service,0,6,0%,30.33
https://rapidautoshipping.com/auto-transport-carriers/lighthouse-auto-transport-llc,0,6,0%,46
https://rapidautoshipping.com/faqs/salvage-car,0,6,0%,52.5
https://rapidautoshipping.com/state-to-state/arizona-to-nevada,0,6,0%,58.33
https://rapidautoshipping.com/state-to-state/new-mexico-to-alaska,0,6,0%,62.5
https://rapidautoshipping.com/chicago-to-fort-lauderdale-auto-transport,0,6,0%,73.5
https://rapidautoshipping.com/detroit-to-rochester-auto-transport,0,6,0%,85.33
https://rapidautoshipping.com/scranton-to-raleigh-auto-transport,0,5,0%,1
https://rapidautoshipping.com/state-to-state/alabama-to-new-mexico,0,5,0%,10.6
https://rapidautoshipping.com/chicago-to-philadelphia-auto-transport,0,5,0%,21.8
https://rapidautoshipping.com/fresno-to-las-vegas-auto-transport,0,5,0%,39.4
https://rapidautoshipping.com/raleigh-to-dallas-auto-transport,0,5,0%,45.8
https://rapidautoshipping.com/state-to-state/arizona-to-georgia,0,5,0%,54.4
https://rapidautoshipping.com/jacksonville-to-orlando-auto-transport,0,5,0%,77
https://rapidautoshipping.com/sacramento-to-las-vegas-auto-transport,0,5,0%,81.6
https://rapidautoshipping.com/phoenix-to-seattle-auto-transport,0,5,0%,83
https://rapidautoshipping.com/state-to-state/idaho-to-alabama,0,5,0%,90.6
https://rapidautoshipping.com/can-cars-be-hacked,0,5,0%,91
https://rapidautoshipping.com/state-to-state/alabama-to-maryland,0,4,0%,6
https://rapidautoshipping.com/washington-to-arizona-auto-transport-service,0,4,0%,9.5
https://rapidautoshipping.com/state-to-state/arizona-to-missouri,0,4,0%,12.5
https://rapidautoshipping.com/state-to-state/alabama-to-washington,0,4,0%,21.75
https://rapidautoshipping.com/auto-transport-carriers/a1-auto-hauling,0,4,0%,25
https://rapidautoshipping.com/state-to-state/arizona-to-north-carolina,0,4,0%,28.5
https://rapidautoshipping.com/houston-to-chicago-auto-transport,0,4,0%,29.25
https://rapidautoshipping.com/minneapolis-to-denver-auto-transport,0,4,0%,32.25
https://rapidautoshipping.com/detroit-to-las-vegas-auto-transport,0,4,0%,44.75
https://rapidautoshipping.com/state-to-state/alabama-to-new-hampshire,0,4,0%,47
https://rapidautoshipping.com/auto-transport-carriers/creative-rides-auto-transport,0,4,0%,52.75
https://rapidautoshipping.com/savannah-to-atlanta-auto-transport,0,4,0%,59.75
https://rapidautoshipping.com/memphis-to-detroit-auto-transport,0,4,0%,61
https://rapidautoshipping.com/state-to-state/arizona-to-new-hampshire,0,4,0%,62.25
https://rapidautoshipping.com/minneapolis-to-pittsburgh-auto-transport,0,4,0%,71.5
https://rapidautoshipping.com/minneapolis-to-orlando-auto-transport,0,4,0%,75.75
https://rapidautoshipping.com/state-to-state/mississippi-to-alabama,0,4,0%,82
https://rapidautoshipping.com/orlando-to-tulsa-auto-transport,0,4,0%,89
https://rapidautoshipping.com/chicago-to-hartford-auto-transport,0,4,0%,90.25
https://rapidautoshipping.com/minneapolis-to-charlotte-auto-transport,0,4,0%,91.75
https://rapidautoshipping.com/auto-transport-for-car-resellers,0,3,0%,1.33
https://rapidautoshipping.com/cleveland-to-las-vegas-auto-transport,0,3,0%,6.67
https://rapidautoshipping.com/state-to-state/new-mexico-to-alabama,0,3,0%,12
https://rapidautoshipping.com/state-to-state/new-mexico-to-colorado,0,3,0%,13
https://rapidautoshipping.com/state-to-state/new-mexico-to-arkansas,0,3,0%,23.67
https://rapidautoshipping.com/dallas-to-indianapolis-auto-transport,0,3,0%,28
https://rapidautoshipping.com/phoenix-to-salt-lake-city-auto-transport,0,3,0%,42
https://rapidautoshipping.com/denver-to-jacksonville-auto-transport,0,3,0%,45.67
https://rapidautoshipping.com/cars/polestar-car-transport-service,0,3,0%,49.67
https://rapidautoshipping.com/salt-lake-city-to-sacramento-auto-transport,0,3,0%,51.67
https://rapidautoshipping.com/state-to-state/arizona-to-kentucky,0,3,0%,55.67
https://rapidautoshipping.com/dallas-to-salt-lake-city-auto-transport,0,3,0%,64
https://rapidautoshipping.com/faqs/compare-auto-transport-companies,0,3,0%,75
https://rapidautoshipping.com/chicago-to-san-diego-auto-transport,0,3,0%,87.33
https://rapidautoshipping.com/memphis-to-dallas-auto-transport,0,3,0%,93.33
https://rapidautoshipping.com/cleveland-to-boston-auto-transport,0,3,0%,94.67
https://rapidautoshipping.com/bethlehem-to-atlanta-auto-transport,0,2,0%,1.5
https://rapidautoshipping.com/how-cars-became-personal-belonging,0,2,0%,5
https://rapidautoshipping.com/things-that-lower-car-resale-value,0,2,0%,6
https://rapidautoshipping.com/state-to-state/new-hampshire-to-alabama,0,2,0%,6.5
https://rapidautoshipping.com/state-to-state/arizona-to-pennsylvania,0,2,0%,7
https://rapidautoshipping.com/buy-car-out-of-state-tips-to-avoid-scams,0,2,0%,10
https://rapidautoshipping.com/state-to-state/alabama-to-indiana,0,2,0%,12
https://rapidautoshipping.com/colorado-to-massachusetts-auto-transport-service,0,2,0%,25.5
https://rapidautoshipping.com/state-to-state/alabama-to-kentucky,0,2,0%,26.5
https://rapidautoshipping.com/cars/mclaren-car-transport-service,0,2,0%,29
https://rapidautoshipping.com/san-francisco-to-seattle-auto-transport,0,2,0%,30
https://rapidautoshipping.com/chicago-to-nashville-auto-transport,0,2,0%,32.5
https://rapidautoshipping.com/state-to-state/california-to-rhode-island,0,2,0%,36
https://rapidautoshipping.com/tampa-to-las-vegas-auto-transport,0,2,0%,40
https://rapidautoshipping.com/state-to-state/arizona-to-louisiana,0,2,0%,42
https://rapidautoshipping.com/dallas-to-chicago-auto-transport,0,2,0%,43
https://rapidautoshipping.com/salt-lake-city-to-phoenix-auto-transport,0,2,0%,44.5
https://rapidautoshipping.com/state-to-state/arizona-to-illinois,0,2,0%,44.5
https://rapidautoshipping.com/flying-cars-reality-behind-the-headlines,0,2,0%,46
https://rapidautoshipping.com/harrisburg-to-atlanta-auto-transport,0,2,0%,46
https://rapidautoshipping.com/auto-transport-carriers/edwards-family-transport-inc,0,2,0%,50.5
https://rapidautoshipping.com/chicago-to-miami-auto-transport,0,2,0%,51.5
https://rapidautoshipping.com/philadelphia-to-orlando-auto-transport,0,2,0%,51.5
https://rapidautoshipping.com/lancaster-to-baltimore-auto-transport,0,2,0%,54.5
https://rapidautoshipping.com/state-to-state/alabama-to-oregon,0,2,0%,70.5
https://rapidautoshipping.com/miami-to-washington-dc-auto-transport,0,2,0%,73.5
https://rapidautoshipping.com/dallas-to-oklahoma-city-auto-transport,0,2,0%,74
https://rapidautoshipping.com/indianapolis-to-dallas-auto-transport,0,2,0%,79.5
https://rapidautoshipping.com/indianapolis-to-virginia-beach-auto-transport,0,2,0%,79.5
https://rapidautoshipping.com/denver-to-houston-auto-transport,0,2,0%,80
https://rapidautoshipping.com/virginia-beach-to-cincinnati-auto-transport,0,2,0%,84
https://rapidautoshipping.com/state-to-state/alabama-to-michigan,0,2,0%,87
https://rapidautoshipping.com/blogs/how-to-avoid-issues-with-auto-transport-broker,0,2,0%,90.5
https://rapidautoshipping.com/louisville-to-seattle-auto-transport,0,2,0%,95.5
https://rapidautoshipping.com/minneapolis-to-indianapolis-auto-transport,0,2,0%,98.5
https://rapidautoshipping.com/state-to-state/arizona-to-tennessee,0,2,0%,100
https://rapidautoshipping.com/akron-auto-auction-transportation,0,1,0%,1
https://rapidautoshipping.com/auto-transport-carriers/grifo-auto-transport,0,1,0%,1
https://rapidautoshipping.com/cars/chrysler-car-transport-service,0,1,0%,1
https://rapidautoshipping.com/ev-range-dropped-suddenly,0,1,0%,1
https://rapidautoshipping.com/san-jose-to-nashville-auto-transport,0,1,0%,1
https://rapidautoshipping.com/state-to-state/alaska-to-illinois,0,1,0%,5
https://rapidautoshipping.com/state-to-state/arizona-to-minnesota,0,1,0%,5
https://rapidautoshipping.com/chicago-to-raleigh-auto-transport,0,1,0%,6
https://rapidautoshipping.com/san-diego-to-boston-auto-transport,0,1,0%,6
https://rapidautoshipping.com/state-to-state/arizona-to-oklahoma,0,1,0%,6
https://rapidautoshipping.com/state-to-state/arizona-to-iowa,0,1,0%,7
https://rapidautoshipping.com/state-to-state/arizona-to-south-carolina,0,1,0%,7
https://rapidautoshipping.com/state-to-state/minnesota-to-alabama,0,1,0%,8
https://rapidautoshipping.com/erie-to-tampa-auto-transport,0,1,0%,9
https://rapidautoshipping.com/state-to-state/alabama-to-illinois,0,1,0%,9
https://rapidautoshipping.com/state-to-state/alabama-to-north-carolina,0,1,0%,9
https://rapidautoshipping.com/how-traffic-stress-affects-mental-health,0,1,0%,11
https://rapidautoshipping.com/pittsburgh-to-miami-auto-transport,0,1,0%,12
https://rapidautoshipping.com/state-to-state/arizona-to-maine,0,1,0%,12
https://rapidautoshipping.com/jacksonville-to-birmingham-auto-transport,0,1,0%,13
https://rapidautoshipping.com/auto-transport-carriers/cowboy-express-inc,0,1,0%,18
https://rapidautoshipping.com/miami-to-baltimore-auto-transport,0,1,0%,24
https://rapidautoshipping.com/tulsa-to-orlando-auto-transport,0,1,0%,25
https://rapidautoshipping.com/snowbird-car-tips-prep-ship-store-winter,0,1,0%,27
https://rapidautoshipping.com/illinois-to-minnesota-auto-shipping,0,1,0%,43
https://rapidautoshipping.com/sitemap-auto-transport-carriers.xml,0,1,0%,44
https://rapidautoshipping.com/state-to-state/michigan-to-alabama,0,1,0%,49
https://rapidautoshipping.com/state-to-state/alaska-to-kentucky,0,1,0%,55
https://rapidautoshipping.com/auto-transport-carriers/allegiance-auto-shipping-inc,0,1,0%,56
https://rapidautoshipping.com/detroit-to-chicago-auto-transport,0,1,0%,60
https://rapidautoshipping.com/baltimore-to-raleigh-auto-transport,0,1,0%,63
https://rapidautoshipping.com/harrisburg-to-charlotte-auto-transport,0,1,0%,69
https://rapidautoshipping.com/san-jose-to-sacramento-auto-transport,0,1,0%,69
https://rapidautoshipping.com/san-antonio-to-denver-auto-transport,0,1,0%,72
https://rapidautoshipping.com/state-to-state/arizona-to-maryland,0,1,0%,73
https://rapidautoshipping.com/chicago-to-richmond-auto-transport,0,1,0%,81
https://rapidautoshipping.com/chicago-to-tampa-auto-transport,0,1,0%,89
https://rapidautoshipping.com/atlanta-to-chattanooga-auto-transport,0,1,0%,91
https://rapidautoshipping.com/minneapolis-to-philadelphia-auto-transport,0,1,0%,92
https://rapidautoshipping.com/omaha-to-denver-auto-transport,0,1,0%,92
https://rapidautoshipping.com/faqs/cracked-chipped-windshield,0,1,0%,97
https://rapidautoshipping.com/nashville-to-salt-lake-city-auto-transport,0,1,0%,97
https://rapidautoshipping.com/jacksonville-to-san-jose-auto-transport,0,1,0%,98
https://rapidautoshipping.com/state-to-state/arizona-to-kansas,0,1,0%,99
https://rapidautoshipping.com/detroit-to-atlanta-auto-transport,0,1,0%,100
https://rapidautoshipping.com/seattle-to-dallas-auto-transport,0,1,0%,100
https://rapidautoshipping.com/state-to-state/alaska-to-iowa,0,1,0%,100