Top queries,Clicks,Impressions,CTR,Position
rapid auto shipping,148,502,29.48%,1.5
virginia to ohio auto transport,117,4653,2.51%,4.56
virginia to ohio car shipping,100,3576,2.8%,9.51
new york to alabama car shipping,88,4219,2.09%,12.47
alabama to texas auto transport,80,4322,1.85%,14.51
alabama to colorado auto transport,67,3810,1.76%,10.68
shipping a car from michigan to california,57,1748,3.26%,13.83
arizona to new jersey auto transport,48,3044,1.58%,10.38
pennsylvania to illinois auto shipping,45,3436,1.31%,7.05
shipping car from louisiana to california,45,1814,2.48%,13.36
north carolina to california auto transport,35,2869,1.22%,19.55
auto transport georgia to fl,34,959,3.55%,16.62
ship car from austin to seattle,28,3125,0.9%,14.7
how much to transport a car from austin to seattle,27,3725,0.72%,14.13
car transport buffalo ny to florida,27,1290,2.09%,35.81
white hawks auto llc,26,276,9.42%,4.45
ohio to virginia auto transport,25,705,3.55%,37.34
georgia to florida car shipping,24,1182,2.03%,14.55
shipping car from san diego to hawaii,24,564,4.26%,72.14
car shipping companies,21,1031,2.04%,5.94
florida to pennsylvania auto transport,18,1722,1.05%,48.5
shipping car from michigan to california,17,1677,1.01%,18.9
california to michigan auto transport,16,2885,0.55%,10
how to obtain competitive automobile shipping quotes,16,471,3.4%,58.58
ship car austin to tallahassee,15,792,1.89%,16.66
car transport service,15,706,2.12%,2.77
auto transport pennsylvania to ca,15,535,2.8%,10.28
calculate your car transport costs accurately,15,383,3.92%,39.01
pennsylvania to new york vehicle transport,14,1832,0.76%,14.26
ship car from georgia to california,14,1483,0.94%,19.51
texas to california car shipping,14,1131,1.24%,41.28
ship car nc to california,14,977,1.43%,32.09
rapid auto shipping reviews,14,224,6.25%,5.74
california to north carolina auto transport,13,3591,0.36%,16.24
north carolina to california car shipping,13,1361,0.96%,30.11
boat shipping cost calculator,12,1859,0.65%,20.79
auto transport north carolina to ca,12,1103,1.09%,48.86
idaho to new york car shipping,11,209,5.26%,76.04
california to north carolina car shipping,10,4375,0.23%,16.2
car shipping,10,2095,0.48%,26.2
ship car ga to florida,10,705,1.42%,17.5
auto transport florida to ny,10,692,1.45%,68.96
rapid auto transport,10,305,3.28%,7.9
car transport,9,910,0.99%,35.11
florida to illinois car shipping,9,440,2.05%,72.9
auto transport companies,9,431,2.09%,6.23
auto transport fl to nc,9,411,2.19%,68.83
arizona to colorado auto transport,8,2431,0.33%,7.31
auto transport,8,1499,0.53%,28.08
georgia to california car shipping,8,591,1.35%,48.12
auto transport ny to atlanta,8,588,1.36%,28
pennsylvania to north carolina car shipping,8,483,1.66%,11.97
car transport companies,8,384,2.08%,3.37
rapidautoshipping,8,28,28.57%,1
california to michigan vehicle transport,7,2829,0.25%,10.55
california to new york car shipping,7,505,1.39%,83.74
new york to atlanta car shipping,7,455,1.54%,27.84
california to nebraska car shipping,7,427,1.64%,9.64
ship car california to new york,7,380,1.84%,77.89
ship car california to north carolina,6,719,0.83%,19.12
auto transport ca to mi,6,481,1.25%,13.4
ship car california to michigan,6,472,1.27%,9.86
auto shipping rates calculator services,6,422,1.42%,23.33
michigan to california auto transport,6,340,1.76%,18.93
car shipping costs calculator services,6,322,1.86%,44.21
ship car texas to california,5,897,0.56%,44.3
california to michigan car shipping,5,682,0.73%,13.2
auto transport tn to ca,5,616,0.81%,59.83
michigan to california car shipping,5,565,0.88%,37.09
arkansas to california auto transport,5,455,1.1%,13.54
alabama to new jersey auto transport,5,434,1.15%,12
car transport calculator services,5,264,1.89%,36.58
wave auto transport,5,235,2.13%,7.85
car transport cost calculator services,5,230,2.17%,32.48
how to estimate car shipping costs with a calculator,5,114,4.39%,70.25
aledi llc,5,51,9.8%,2.75
florida to new york car shipping,4,845,0.47%,72.41
tennessee to california auto transport,4,604,0.66%,58.76
ship car michigan to california,4,518,0.77%,32.87
ship car oregon to california,4,480,0.83%,43.01
auto transport ca to ny,4,462,0.87%,81.74
new jersey to california car shipping,4,460,0.87%,20
auto transport rates calculator services,4,338,1.18%,39.81
florida to north carolina vehicle transport,4,295,1.36%,65.82
auto transport calculator services,4,256,1.56%,39.94
securing the best auto transport quotes online,4,255,1.57%,33.86
ship car new york to atlanta ga,4,224,1.79%,74.15
smart talk transport corp,4,209,1.91%,6.63
ship a car,4,106,3.77%,5.71
car transportation services,4,52,7.69%,5.6
shipping car,4,44,9.09%,6.82
auto shipping,3,4017,0.07%,51.9
cost to ship a car from california to michigan,3,2434,0.12%,10.27
auto transport ca to nc,3,1031,0.29%,40.46
car shipping alaska to los angeles,3,638,0.47%,13.44
oregon to california car shipping,3,506,0.59%,43.45
ship car nj to california,3,488,0.61%,23.47
ship car from indiana to california,3,477,0.63%,12.32
ship car from san diego to hawaii,3,373,0.8%,72.79
bears transport,3,343,0.87%,7.83
vehicle shipping cost calculator services,3,270,1.11%,35.44
auto shipping companies,3,269,1.12%,20.76
vehicle transport companies,3,219,1.37%,41.31
how to get accurate ship car quotes,3,206,1.46%,57.34
yellow brick transport,3,164,1.83%,6.3
utilizing a shipping a car cost calculator,3,139,2.16%,42.01
illinois to virginia auto transport,3,138,2.17%,71.43
shipping cars,3,28,10.71%,1.75
car transport near me,3,21,14.29%,2.71
maryland to florida car shipping,2,1212,0.17%,49.82
shipping car from georgia to california,2,1054,0.19%,28.19
boat shipping cost,2,965,0.21%,9.78
car transport maryland to florida,2,775,0.26%,46.4
vehicle shipping,2,611,0.33%,42.96
ship car florida to new york cost,2,567,0.35%,63.21
la to ny car shipping,2,550,0.36%,47.44
california to north carolina auto shipping,2,501,0.4%,17.12
california to west virginia car shipping,2,490,0.41%,61.75
north carolina to california vehicle transport,2,484,0.41%,16.62
auto transport ga to ca,2,484,0.41%,41.29
auto transport mi to ca,2,437,0.46%,39.09
ship car ny to pa,2,393,0.51%,72.55
car shipping estimate,2,378,0.53%,57.32
vehicle transport,2,361,0.55%,39.05
orange auto transport,2,317,0.63%,9.88
ohio to florida car shipping,2,303,0.66%,33.39
car shipping service,2,286,0.7%,7.73
auto transport fl to il,2,253,0.79%,73.75
florida to pennsylvania auto shipping,2,250,0.8%,43.99
roro shipping to mexico,2,235,0.85%,4.77
san diego to hawaii car shipping,2,226,0.88%,76.63
utilize a vehicle shipping cost calculator,2,221,0.9%,39.83
the different types of auto transports and their benefits,2,219,0.91%,49.46
starway logistic llc,2,178,1.12%,9.53
car shipping company,2,166,1.2%,17.81
what your car says about you,2,158,1.27%,28.08
calculating your car shipment cost,2,156,1.28%,81.46
unified auto trans corp,2,153,1.31%,4.76
car transport pennsylvania,2,143,1.4%,9.14
ship car san diego to hawaii,2,136,1.47%,66.38
kwik trans inc,2,125,1.6%,6.58
best auto transport carriers services,2,123,1.63%,46.63
car transport services,2,119,1.68%,12.22
benefits of covered car transport,2,115,1.74%,58.42
rapid auto group llc,2,108,1.85%,13.16
car moving companies,2,104,1.92%,27.7
tips for finding cost-effective car shipping,2,104,1.92%,65.87
j&s auto transport,2,102,1.96%,7.02
auto transport in pennsylvania,2,99,2.02%,3.26
vehicle shipping companies,2,89,2.25%,25.67
best auto transport companies,2,83,2.41%,26.33
rapid shipping,2,74,2.7%,6.95
new york to south carolina car shipping,2,70,2.86%,88.39
bears transport reviews,2,53,3.77%,11.81
premium transport services for collector cars,2,47,4.26%,32.06
viceroy auto transport reviews,2,39,5.13%,10.54
ika group llc,2,38,5.26%,4.95
car transport philadelphia,2,34,5.88%,44.79
car transporter,2,31,6.45%,29.03
why are cars so expensive now 2025,2,29,6.9%,1.86
fds llc,2,29,6.9%,5.28
adesa transport services,2,26,7.69%,3.5
auto transport near me,2,23,8.7%,2.26
ship vehicle,2,23,8.7%,64.26
auto shipping near me,2,12,16.67%,18.25
monarch transport group inc,2,12,16.67%,69
auto cargo group inc,2,4,50%,11.25
truck shipping,1,3187,0.03%,66.29
ohio to california auto transport,1,1788,0.06%,13.19
alabama to new york car shipping,1,1779,0.06%,10.41
enclosed car shipping,1,1576,0.06%,72.78
shipping car from philadelphia to los angeles,1,1548,0.06%,9.93
north carolina to florida auto transport,1,1536,0.07%,20.61
enclosed car transport,1,1456,0.07%,78.19
shipping car from california to michigan,1,817,0.12%,6.55
pennsylvania to california car shipping,1,602,0.17%,18.73
car delivery service,1,584,0.17%,36.04
ship car from houston to los angeles,1,542,0.18%,35.14
exotic car shipping,1,540,0.19%,68.68
ship car georgia to california,1,512,0.2%,46.18
auto transport new jersey to ca,1,403,0.25%,16.86
north carolina to california vehicle shipping,1,398,0.25%,19.23
does autonation ship cars,1,388,0.26%,6.39
ship car from atlanta to los angeles,1,374,0.27%,20.53
florida to california car shipping,1,372,0.27%,65.96
rapid auto,1,359,0.28%,6.47
florida to minnesota car shipping,1,347,0.29%,71.4
car shipping estimate calculator services,1,321,0.31%,40.68
foremost transport,1,308,0.32%,18.87
cheapest car shipping company,1,305,0.33%,35.5
car transportation,1,299,0.33%,45.13
car shipping rates calculator services,1,295,0.34%,37.96
car shipping companies pennsylvania,1,275,0.36%,5.18
carmax transportation,1,274,0.36%,6.95
car shipping cost calculator services,1,273,0.37%,44.58
how to get an accurate car transport estimate,1,254,0.39%,57.42
auto transport from michigan to california,1,250,0.4%,29.53
shipping a car cost calculator services,1,233,0.43%,39.24
how to get accurate vehicle shipping quotes,1,223,0.45%,50.56
texas to pennsylvania vehicle shipping,1,216,0.46%,47.4
auto transport new york to pennsylvania,1,215,0.47%,56.41
car shipping calculator services,1,212,0.47%,45.27
georgia to pennsylvania auto transport,1,209,0.48%,47.3
florida to pennsylvania vehicle shipping,1,202,0.5%,58.03
transauto logistics corp,1,189,0.53%,6.26
amg transport co reviews,1,187,0.53%,10.44
getting the best auto shipping quotes,1,185,0.54%,62.58
shipping a car to mexico,1,182,0.55%,6.46
vehicle delivery service,1,180,0.56%,54.86
ship a car from virginia to california,1,178,0.56%,49.07
using a car shipping costs calculator to estimate fees,1,178,0.56%,55.81
car shipping cost estimator services,1,174,0.57%,50.27
ship car from florida to texas,1,170,0.59%,12.78
boat transport cost calculator,1,160,0.62%,7.03
vehicle shipping estimate services,1,152,0.66%,58.17
ship car florida to north carolina,1,142,0.7%,80.42
auto transport pennsylvania,1,139,0.72%,14.09
aaa auto transport,1,130,0.77%,17.29
vehicle transport service,1,127,0.79%,1.83
how to obtain a competitive vehicle transport quote,1,126,0.79%,64.56
car shipping san diego to hawaii,1,124,0.81%,57.15
how to send a car to mexico,1,122,0.82%,4.04
automobile shipping quote services,1,111,0.9%,55.96
auto shippers,1,110,0.91%,38.45
port to port car shipping,1,107,0.93%,5.77
premier services for classic car auto transport,1,106,0.94%,45.19
car transport to florida services,1,105,0.95%,51.74
ship car from texas to california,1,102,0.98%,20.09
auto transport services,1,102,0.98%,26.83
mississippi to california car shipping,1,99,1.01%,9.09
how much does it cost to ship a car from florida to texas,1,93,1.08%,1
car transport from maryland to california,1,93,1.08%,7.66
enclosed car transport companies,1,92,1.09%,88.14
allied auto shippers reviews,1,89,1.12%,18.36
vehicle transportation services,1,89,1.12%,42.04
ship car from california to michigan,1,82,1.22%,32.76
ship car,1,79,1.27%,2.24
auto transport companies pennsylvania,1,79,1.27%,6.51
getting car shipped across country services,1,78,1.28%,53.74
auto transport companies near me,1,74,1.35%,48.7
how to achieve low cost car shipping,1,73,1.37%,48.36
boat shipping cost calculator usa,1,71,1.41%,1.82
bus shipping service,1,70,1.43%,9.04
cheapest auto transport,1,70,1.43%,49.33
car shipping quote no email,1,67,1.49%,29.09
enclosed car shipping companies,1,60,1.67%,78.08
car ship,1,59,1.69%,1.59
silver express logistics,1,59,1.69%,8
car shipping from texas to california,1,57,1.75%,42.74
why are used cars so expensive 2025,1,56,1.79%,6
flatbed car transport,1,54,1.85%,34.11
shipping a car,1,52,1.92%,7.65
boat transport cost per mile calculator,1,50,2%,1.84
beacon shipping logistics,1,49,2.04%,8.53
how much does it cost to ship a car from california to virginia,1,46,2.17%,2.13
vehicle transport across country services,1,42,2.38%,29.88
car shippers,1,42,2.38%,35.76
car shipping companies in philadelphia,1,42,2.38%,48.81
cross country car shipping,1,40,2.5%,45.88
car carrier,1,38,2.63%,15.5
ship my car across country services,1,37,2.7%,33.89
car shipping near me,1,36,2.78%,18.36
what to do if your car breaks down far from home,1,33,3.03%,2.55
auto transport carrier,1,31,3.23%,62.39
auto transport carriers,1,30,3.33%,16.13
shipping companies near me,1,26,3.85%,8.42
who does carmax use to transport cars,1,26,3.85%,17.85
shipping car companies,1,25,4%,28.36
cost to ship a boat cross country,1,24,4.17%,4.42
united freight of america,1,21,4.76%,6.52
vehicle transportation companies,1,19,5.26%,1.21
adesa auto transport,1,19,5.26%,3.11
bears transport llc,1,19,5.26%,7.26
tesla auto transport,1,19,5.26%,9.42
car transport company,1,19,5.26%,19.53
michigan to pennsylvania auto transport,1,19,5.26%,51.79
enclosed car transport services,1,19,5.26%,62.53
top rated car transport companies,1,18,5.56%,9.44
car moving service,1,18,5.56%,15.89
bus delivery,1,17,5.88%,6.29
van shipping,1,17,5.88%,29.88
adesa towing,1,16,6.25%,4.81
car carrier transport,1,13,7.69%,7.08
shipping car company near me,1,13,7.69%,43
what does the car you drive say about you,1,11,9.09%,1
most reliable auto transport companies,1,11,9.09%,26.82
transport car,1,10,10%,2.1
what car you drive says about you,1,10,10%,11.6
international car shipping,1,10,10%,33.6
car transportation services near me,1,9,11.11%,15.78
car shipping carriers,1,9,11.11%,23.89
car moving services near me,1,7,14.29%,3.86
rapid carrier,1,6,16.67%,7.33
car tranporter,1,6,16.67%,9
what car says about you,1,6,16.67%,12
car shipping companies usa,1,6,16.67%,49.33
terminal-to-terminal,1,5,20%,2.2
what your car brand says about your personality,1,5,20%,2.6
shipping my car,1,5,20%,11.8
driveaway car transport,1,4,25%,5.5
car carriers near me,1,4,25%,17.5
new car prices chart by year,1,3,33.33%,1.33
suv transport,1,3,33.33%,1.33
transportation companies near me,1,3,33.33%,19.33
wolfpak transport,1,3,33.33%,39
tell me about snowbird migration patterns,1,2,50%,1
auto carriers near me,1,2,50%,2
car transportation near me,1,2,50%,5
shipley auto transport,1,2,50%,6.5
car transport carrier,1,2,50%,18
car transporter companies,1,1,100%,1
local car hauling companies,1,1,100%,1
rapid towing and recovery,1,1,100%,1
auto train to florida from philadelphia,1,1,100%,2
which one is cheaper?,1,1,100%,2
envio de carros a mexico,1,1,100%,3
jeep wrangler,1,1,100%,3
vintage car transport service,1,1,100%,4
easygo logistics reviews,1,1,100%,32
car shipping cost,0,7150,0%,81.57
car shipping calculator,0,2706,0%,69.62
car shipping quote,0,2436,0%,81.85
car transport quote,0,2105,0%,83.46
auto transport quotes,0,2089,0%,84.97
military car shipping,0,1685,0%,83.28
car shipping pennsylvania,0,1492,0%,2
enclosed auto transport,0,1331,0%,75.7
motorcycle shipping,0,1330,0%,60.81
why are cars so expensive now,0,1072,0%,5.29
car shipping quotes,0,1068,0%,59.71
car shipping cost calculator,0,999,0%,57.75
best car shipping company,0,909,0%,3.89
hawaii car transport,0,896,0%,74.12
cost to ship a car from atlanta to los angeles,0,877,0%,15.62
boat transport cost,0,877,0%,22.73
texas to pennsylvania vehicle transport,0,856,0%,47.31
boat shipping costs,0,840,0%,9.51
exotic car transport,0,777,0%,60.25
boat transport calculator,0,611,0%,23.4
cheapest car shipping,0,610,0%,50.92
boat shipping calculator,0,591,0%,24.62
cheap car shipping,0,584,0%,37.26
us canada auto transport,0,579,0%,16.88
vehicle shipping quote,0,569,0%,67.27
motorcycle shipping cost,0,565,0%,73.6
open transport car shipping,0,550,0%,57.9
california car shipping,0,547,0%,84.94
auto transport company,0,523,0%,30.78
car shipping rates,0,513,0%,70.87
auto shipping quotes,0,499,0%,61.17
how much does it cost to ship a car,0,496,0%,86.17
shipping car to hawaii,0,487,0%,70.87
open auto transport,0,477,0%,48.03
auto transport florida to california,0,466,0%,64.76
car shipping calculator no personal information,0,453,0%,27.27
car shipping to hawaii,0,453,0%,74.86
cheap way to ship a car,0,443,0%,24.79
cheap way to ship car,0,432,0%,21.17
vehicle shipping agent,0,429,0%,4.22
alaska auto transport,0,429,0%,76.96
car shipping insurance,0,427,0%,70.52
hawaii car shipping,0,425,0%,69.82
j&s transportation,0,421,0%,8.62
car shipping companies california,0,420,0%,69
shipping car from california to north carolina,0,417,0%,15.78
atv transport,0,414,0%,70.09
cheap ways to ship a car,0,409,0%,25.89
cheap way to ship car across country,0,400,0%,44.38
military auto transport,0,399,0%,76.8
shipping car cost,0,392,0%,73.87
interstate auto transport,0,391,0%,43.16
ship car from utah to california,0,391,0%,45.21
texas to illinois vehicle transport,0,390,0%,15.26
cheapest way to ship a car across country,0,389,0%,44.53
cheapest way to ship a vehicle,0,389,0%,45.11
long distance auto transport,0,385,0%,46.3
ship car to hawaii,0,383,0%,68.67
ship car to another state,0,383,0%,78.28
cheapest way to ship cars,0,382,0%,39.45
illinois to texas car shipping,0,382,0%,62.04
american connection auto transport reviews,0,381,0%,7
car shipping from florida to california,0,380,0%,63.89
vehicle shipping quotes,0,376,0%,62.73
illinois to california car shipping,0,375,0%,19.66
cheapest way to ship a vehicle across country,0,375,0%,46.61
georgia to colorado auto transport,0,373,0%,48.98
shipping a car cost,0,372,0%,73.95
new york to pennsylvania car shipping,0,369,0%,72.37
illinois to georgia auto shipping,0,364,0%,7.51
exotic auto transport,0,364,0%,62.07
cost to ship boat,0,363,0%,10.04
car shipping cheapest way,0,363,0%,24.63
cost to ship a boat,0,362,0%,9.88
expedited auto transport,0,352,0%,29.28
auto transport insurance,0,352,0%,74.84
oregon to california auto transport,0,343,0%,42.19
reliable auto transport,0,342,0%,67.13
auto transport reviews,0,332,0%,77.98
atv shipping,0,324,0%,69.53
ship car florida to illinois,0,324,0%,76.47
exotic car transport cost,0,320,0%,47.89
auto shipping cost,0,317,0%,65.87
motorcycle shipping quote,0,316,0%,53.17
cheap car transport services,0,315,0%,64.15
auto transport quote,0,315,0%,72.76
shipping a car across country,0,313,0%,77.73
cost to ship a car,0,311,0%,87.04
how much to ship a car,0,310,0%,90.06
boat transport costs,0,308,0%,20.14
vehicle shipping cost,0,301,0%,68.98
exotic car transport atlanta,0,299,0%,43.17
top rated auto shipping companies,0,298,0%,14.34
cheap car shipping services,0,296,0%,63.81
car shipping from hawaii,0,296,0%,71.92
pennsylvania car shipping,0,294,0%,4.85
auto transportation,0,294,0%,52.74
cost of transporting a boat,0,292,0%,14.52
cheapest way to transport car across country,0,292,0%,40.08
luxury auto transport,0,292,0%,74.95
cost of shipping a car,0,292,0%,82.98
best auto transport companies in usa,0,288,0%,2.78
motorcycle shipping cost calculator,0,284,0%,22.48
affordable auto transport,0,280,0%,34.6
united auto transport,0,279,0%,15
california to new jersey auto transport,0,279,0%,15.78
shipping a motorcycle,0,277,0%,58.29
prices to ship cars,0,276,0%,80.25
shipping a car to another state,0,271,0%,79.27
auto shipping calculator services,0,270,0%,42.2
cheap way to ship a car cross country,0,267,0%,80.45
san jose auto transport,0,263,0%,78.06
boat transportation cost,0,261,0%,14.46
cheap auto shipping,0,258,0%,33.97
florida to north carolina car shipping,0,256,0%,63.96
how much to ship a car from texas to california,0,255,0%,8.65
cheapest motorcycle shipping,0,255,0%,66.53
new york to west virginia car shipping,0,255,0%,83.84
georgia to florida auto transport,0,253,0%,11.34
boat transportation costs,0,253,0%,19.82
auto transport cost,0,253,0%,75.51
car shipping companies near me,0,252,0%,25.4
car shipping instant quote,0,251,0%,44.29
best car delivery service,0,249,0%,35.03
car shipping san jose,0,249,0%,73.98
car transport to florida,0,249,0%,74.61
auto shipping rates,0,248,0%,64.18
cheapest way to ship a car cross country,0,248,0%,65.03
auto shipping florida services,0,248,0%,73
luxury car transport,0,244,0%,46.35
boat hauling rates,0,243,0%,14.28
motorcycle shipping quotes,0,243,0%,49.55
shipping cars across country,0,243,0%,82.49
vehicle transportation,0,242,0%,50.23
cheap car shipping quotes,0,242,0%,56.71
exotic car hauler,0,241,0%,49.78
cost to ship a boat from florida to california,0,240,0%,27.84
vehicle shipping cost estimator,0,240,0%,48.67
auto transport insurance cost,0,240,0%,70.62
cheap car transport quote,0,238,0%,63.42
best exotic car transport,0,236,0%,48.67
yacht transport cost estimate,0,235,0%,8.15
how much to ship a boat,0,235,0%,11.28
car transport insurance,0,235,0%,79.69
auto transport california,0,233,0%,76.85
car shipping mexico,0,232,0%,15.3
best car shipping companies in pennsylvania,0,231,0%,15.13
car shipping companies hawaii,0,231,0%,70.97
vehicle shipping calculator,0,230,0%,37.38
open vs. enclosed car shipping,0,230,0%,69.48
shipping cars across the country,0,230,0%,76.6
tractor delivery service,0,228,0%,17.49
door to door car shipping,0,225,0%,60.37
car shipping florida,0,224,0%,74.21
how much does it cost to ship a boat,0,223,0%,8.77
auto transport prices,0,223,0%,71.2
auto transport calculator,0,220,0%,47.6
car transport quotes,0,220,0%,75.13
car transport cost,0,219,0%,80
ship car to florida,0,218,0%,59.65
auto transport tx to ca,0,217,0%,34.83
ship my car to hawaii,0,217,0%,69.18
terminal to terminal auto transport,0,216,0%,33.37
us canada transport,0,216,0%,58.5
shipping car from los angeles to new jersey,0,214,0%,28.42
lowboy trailer shipping,0,214,0%,60.03
why are new cars so expensive,0,213,0%,9.91
pennsylvania auto transport,0,212,0%,8.37
pennsylvania auto shipping,0,211,0%,7.24
auto shipping rates calculator,0,211,0%,52.47
pennsylvania to florida auto transport,0,210,0%,17.08
vehicle transport insurance,0,210,0%,83.67
cheap car shipping across country,0,209,0%,59.46
ship a car across country,0,208,0%,83.73
auto transport san jose,0,204,0%,78.99
boat shipping quote,0,203,0%,10.63
auto shipping florida,0,203,0%,79.84
auction car shipping service,0,200,0%,58.72
car transport los angeles to chicago,0,199,0%,47.86
ship car from maryland to florida,0,197,0%,48.02
virginia to ohio vehicle shipping,0,196,0%,7.86
open air car transport,0,196,0%,33.48
exotic car transport services,0,196,0%,53.47
affordable auto transport options,0,196,0%,54.95
ship car from maryland to california,0,195,0%,16.29
shipping a ferrari,0,193,0%,21.45
auto shipping california,0,193,0%,80.68
auto transport florida,0,193,0%,88.56
getting the best shipping car quotes,0,191,0%,67.07
door to door auto transport,0,191,0%,74.42
pick up service,0,190,0%,9.01
auto shipping quote services,0,190,0%,39.93
best exotic car transport companies,0,190,0%,59.64
route runners auto transport reviews,0,190,0%,68.96
ship my car to florida,0,188,0%,62.12
car shipping quotes online,0,188,0%,65.97
cost to ship car,0,187,0%,84.91
lowboy delivery,0,186,0%,30.2
snowbird car transport,0,186,0%,61.27
ship car from hawaii,0,186,0%,67.61
shipping a car to florida,0,185,0%,74.58
car transportation quote,0,185,0%,78.05
allied auto shippers,0,184,0%,9.06
shipping cars to hawaii,0,184,0%,69.66
car transport military discount,0,184,0%,74.15
auto shipping prices,0,183,0%,58.5
shipping car to florida,0,183,0%,61.12
car shipping california,0,183,0%,72.34
vehicle shipping rates,0,183,0%,76.81
shipping boat cost,0,182,0%,9.1
auto delivery,0,182,0%,51.26
washington dc car shipping,0,182,0%,83.35
car shipping companies in california,0,181,0%,73.3
understanding the benefits of open auto transport,0,180,0%,7.73
boat shipping rates,0,180,0%,9.81
car shipping fort lauderdale,0,180,0%,82.52
midway auto transport,0,179,0%,8.8
vehicle shipping calculator services,0,179,0%,40.94
fort lauderdale car transport,0,179,0%,77.33
ship a car across the country,0,179,0%,79.85
what is the cheapest way to ship a car to another state,0,178,0%,13.66
trusted car delivery services,0,178,0%,38.76
vehicle shipping estimate,0,178,0%,43.74
cost-effective auto transport solutions,0,178,0%,51.9
auto transport north carolina,0,178,0%,58.34
hawaii car shipping companies,0,178,0%,74.31
florida car transport,0,178,0%,74.97
inoperable vehicle transport,0,177,0%,20.59
yacht transport cost,0,176,0%,39.4
how much does it cost to ship a car to hawaii,0,176,0%,73.85
georgia to texas auto transport,0,175,0%,13.82
shipping a non running car,0,175,0%,16.08
pennsylvania to florida car shipping,0,175,0%,21.94
auto shipping quote,0,175,0%,64.05
eship auto transport reviews,0,174,0%,19.45
car transport fort lauderdale,0,174,0%,69.07
military vehicle transport,0,173,0%,79.01
car shipping leads,0,173,0%,87.5
interstate auto transport companies,0,172,0%,54.98
how to use a car shipping estimate calculator,0,172,0%,71.72
auto transport companies california,0,172,0%,85.13
cheap car transport,0,171,0%,40.95
ship car across usa,0,171,0%,68.11
ship car from chicago to los angeles,0,170,0%,17.82
affordable auto transport solutions,0,170,0%,23.96
door-to-door motorcycle shipping,0,170,0%,50.55
interstate car shipping companies,0,170,0%,52.18
best auto shipping rates,0,170,0%,53.32
how to get the best car shipping quotes online,0,170,0%,64.21
auto transport california to hawaii,0,170,0%,74.66
car shipping companies san jose,0,170,0%,81.25
texas to arizona car shipping,0,169,0%,14.35
auto transport tx to mi,0,169,0%,30.46
quick auto transport,0,169,0%,32.46
roadrunner auto transport,0,169,0%,41.86
shipping car quotes,0,169,0%,64.73
san antonio car shipping,0,169,0%,73.98
car shipping companies florida,0,169,0%,82.3
california to new jersey car shipping,0,168,0%,17.22
ship car from california to texas,0,168,0%,40.34
how to get accurate car shipping estimates,0,168,0%,61.77
ship a car to hawaii,0,168,0%,68.26
lowboy trucking,0,167,0%,58.86
car shipping companies in florida,0,167,0%,88.1
best car shipping companies in delaware,0,166,0%,28.8
best car shipping company usa to canada,0,166,0%,86.04
ship my car illinois to california,0,165,0%,20.28
ship my car to another state,0,165,0%,79.7
kentucky to new york car shipping,0,165,0%,86.35
florida car shipping,0,163,0%,74.7
california to colorado car shipping,0,162,0%,11.96
ship car from pa to california,0,162,0%,28.36
inexpensive auto transport services,0,162,0%,33.83
cheap auto transport,0,162,0%,57.94
average cost to ship a car,0,162,0%,61.15
shipping a car to hawaii,0,162,0%,72.93
what do i need to take my car to mexico,0,162,0%,82.62
open vehicle transport,0,161,0%,48.03
economical car transport solutions,0,161,0%,48.94
ship car across country quote,0,161,0%,52.97
pick up service near me,0,160,0%,1.93
north carolina to florida car shipping,0,160,0%,15.91
motorcycle transportation,0,159,0%,67.48
affordable auto shipping,0,158,0%,25.49
pov shipping alaska to california,0,158,0%,38.32
truckaway auto transport pa,0,158,0%,42.32
luxury car shipping,0,158,0%,49.29
car shipping companies military discount,0,158,0%,56.75
shipping motorcycle,0,158,0%,57.7
alaska car transport,0,158,0%,67.33
us to canada auto transport,0,158,0%,73.34
auto transport military discount,0,157,0%,67.21
daily direct motorcycle transportation,0,156,0%,36.56
how to get an accurate car transport quote,0,156,0%,53.03
car shipping costs,0,156,0%,73.54
prices on shipping cars,0,156,0%,79.31
car shipping estimate calculator,0,155,0%,30.35
austin auto transport,0,155,0%,80.93
car transportation shipping,0,155,0%,85.85
arizona to texas car shipping,0,154,0%,26.23
arizona to california car shipping,0,154,0%,29.5
puerto rico car transport grumman bethpage,0,153,0%,8.26
cheapest way to ship a car,0,153,0%,45.05
auto shipping new york,0,153,0%,70.75
car shipping rates to alaska,0,153,0%,71.36
florida auto transport,0,153,0%,76.18
california to ohio vehicle transport,0,152,0%,9.47
indiana to california auto transport,0,152,0%,18.86
best cheap auto transport companies,0,152,0%,56.43
ship my car florida to california,0,152,0%,79.19
car shipping cost calculator usa,0,151,0%,43.57
interstate auto shipping,0,151,0%,56.45
snowbird auto transport,0,151,0%,77.04
enclosed auto transport pa,0,150,0%,5.61
enclosed carrier auto transport,0,150,0%,61.28
cheap vehicle shipping,0,149,0%,52.44
rapidauto,0,148,0%,5.93
car transport to pennsylvania,0,148,0%,13.72
low boy services,0,148,0%,46.83
how to get the best auto shipping quotes,0,148,0%,66.24
auto shipping reviews,0,148,0%,78.09
auto transport tampa fl,0,148,0%,82.86
car transport companies in california,0,148,0%,84.46
how to ship a car across country,0,148,0%,88.31
flatbed auto transport,0,147,0%,40.2
car shipping companies jacksonville fl,0,147,0%,86.45
affordable auto transport services,0,146,0%,29.92
affordable car shipping,0,146,0%,37.81
texas to arizona auto transport,0,145,0%,15.41
lax to san jose car service,0,145,0%,52.58
military vehicle shipping,0,145,0%,76.94
new york to massachusetts car shipping,0,145,0%,92.34
ship car from florida to georgia,0,144,0%,47.8
cheap interstate car shipping,0,144,0%,63.41
open car shipping,0,144,0%,66.76
line haul transportation,0,144,0%,72.98
pennsylvania to georgia auto shipping,0,143,0%,7.22
cost of boat transport,0,143,0%,25.8
best cheap auto transport,0,143,0%,57.95
cost to ship a car to hawaii,0,143,0%,73.38
car transport companies in pa,0,142,0%,6.09
car shipping companies tampa,0,142,0%,69.94
car shipping companies fort lauderdale,0,142,0%,73.09
car transport costs,0,142,0%,81.85
how to use a car shipping cost calculator,0,142,0%,82.94
will autonation ship cars,0,141,0%,6.77
premier vehicle shipping services,0,141,0%,15.33
fast auto transport,0,141,0%,38.12
shipping car to alaska,0,141,0%,58.19
ship car to alaska,0,141,0%,64.1
state to state auto transport,0,141,0%,75.8
shipping car across usa,0,141,0%,83.31
vehicle transport pa,0,140,0%,17.71
finding the cheapest car shipping company,0,140,0%,41.74
bargain auto transport lowest prices,0,140,0%,49.81
ship trucks,0,140,0%,60.45
reliable car transport services,0,140,0%,61.31
comprehensive auto transportation services,0,139,0%,30.45
ship car from michigan to california,0,139,0%,35.83
instant car shipping quote,0,139,0%,39.17
ship car across country military discount,0,139,0%,59.57
military car shipping experts,0,139,0%,65.68
hawaii auto transport,0,139,0%,69.97
how much does it cost to move a houseboat,0,139,0%,75.45
do you need insurance to ship a car,0,139,0%,86.8
truck transport,0,139,0%,92.73
california to nevada car shipping,0,138,0%,9
car delivery estimate,0,138,0%,31.76
car shipping costs calculator,0,138,0%,45.12
types of auto transport carriers,0,138,0%,60.43
cheap car transportation services,0,138,0%,71.94
missouri auto transport,0,138,0%,72.07
vehicle shipping cost calculator,0,137,0%,42.55
cheap car shipping california,0,137,0%,67.01
enclosed car transport service,0,137,0%,68.42
ship car cost,0,137,0%,77.99
direct connect auto transport,0,136,0%,23.96
motorcycle shipping service,0,136,0%,51.95
affordable car transport options,0,136,0%,62.55
ship car nj to pa,0,136,0%,63.6
shipping car to another state,0,136,0%,80.2
affordable auto transportation services,0,135,0%,33.81
open carrier car shipping,0,135,0%,52.21
tractor shipping,0,135,0%,52.65
ship car to california,0,135,0%,55.2
shipping car to texas,0,135,0%,56.65
auto transport texas,0,135,0%,75.19
military car shipping companies,0,135,0%,76.13
car transport rates,0,135,0%,79.3
san diego car shipping,0,135,0%,79.92
yellow brick transport reviews,0,134,0%,4.84
car shipping companies in pennsylvania,0,134,0%,5.77
georgia to new york auto transport,0,134,0%,12.57
how much to ship a boat and trailer,0,134,0%,20.07
affordable car shipping companies,0,134,0%,43.25
long distance vehicle delivery,0,134,0%,49.5
best car shipping companies pennsylvania,0,133,0%,6.49
streamlined car delivery services,0,133,0%,58.54
exotic auto transport services,0,133,0%,66.25
military auto shipping,0,133,0%,72.06
texas auto delivery,0,133,0%,74.93
new york auto transport companies,0,133,0%,79.05
jacksonville auto transport,0,133,0%,87.5
california to arizona car shipping,0,132,0%,35.15
automobile shipping,0,132,0%,35.67
cheap car transportation from state to state,0,132,0%,53.83
arizona auto transport,0,132,0%,71.55
classic car shipping,0,132,0%,77.77
price to ship a boat,0,131,0%,11.98
california to pennsylvania car shipping,0,131,0%,21.78
auto transport instant quote services,0,131,0%,50.79
north carolina car shipping,0,131,0%,62.85
florida's leading auto shipping services,0,131,0%,67.41
car shipping hawaii,0,131,0%,75.37
buying a truck in idaho from alaska shipping cost,0,130,0%,19.88
ship car from new york to florida,0,130,0%,37.42
transporting cars for dealerships,0,130,0%,45.39
auto shipping calculator,0,130,0%,45.66
cheap auto transport services,0,130,0%,70.63
how to accurately get a vehicle shipping estimate,0,129,0%,63.58
how long does it take to ship a car,0,129,0%,63.91
car transport estimate,0,129,0%,64.98
san diego auto transport,0,129,0%,78.57
enclosed auto transport companies,0,129,0%,85.38
ship car from california to colorado,0,128,0%,7.76
cheapest way to ship a car to another state,0,128,0%,22.73
cheap motorcycle shipping,0,128,0%,61.26
leading car delivery services,0,128,0%,73.16
best car shipping companies in north dakota,0,127,0%,11.92
california to ohio car shipping,0,127,0%,14.02
boat transport cost per mile,0,127,0%,15.1
car transport florida,0,127,0%,87.91
roadrunner car transport,0,126,0%,29.1
vehicle shipping company near me,0,126,0%,32.07
how to find cheap auto shipping options,0,126,0%,45.49
how much to ship a car to hawaii,0,126,0%,78.26
auto transport companies in pennsylvania,0,125,0%,5.76
car shipping cost estimator,0,125,0%,33.66
expedited car shipping,0,125,0%,52.81
comparing auto transportation quotes,0,125,0%,67.59
car shipping quotes cheap,0,124,0%,47.27
north carolina auto shipping,0,124,0%,50.95
shipping a car to alaska,0,124,0%,66.23
truck transportation services,0,124,0%,90.32
shipping car to mexico,0,123,0%,4.92
truckaway auto transport pittsburgh,0,123,0%,39.97
car delivery services,0,123,0%,48.46
exotic car transport dispatch,0,123,0%,71.5
car transportation quotes,0,123,0%,74.24
car shipping texas to arizona,0,122,0%,9.92
car delivery,0,122,0%,31.75
roadrunner auto transport reviews,0,122,0%,43.38
enclosed auto transport grand rapids,0,122,0%,44.46
best auto shipping companies services,0,122,0%,51.91
new mexico to new york car shipping,0,121,0%,7.9
direct connect auto transport reviews,0,121,0%,21.89
ship car from california to new jersey,0,121,0%,29.28
auto transport or to ca,0,121,0%,59.74
trusted military car shipping services,0,121,0%,60.31
vehicle delivery,0,121,0%,60.87
trusted truck shipping companies,0,121,0%,64.15
shipping vehicle to hawaii,0,121,0%,69.09
transporting a car from florida to new york,0,121,0%,70.31
auto transport companies fort lauderdale,0,121,0%,79.41
ship car to mexico,0,120,0%,6.91
terminal to terminal car shipping,0,120,0%,35.69
yacht transport prices,0,120,0%,45.08
shipping truck,0,120,0%,67.46
vehicle shipping from hawaii,0,120,0%,71.08
car shipping scottsdale,0,120,0%,75.62
auto transport brokers california,0,120,0%,78.58
automobile transport insurance,0,119,0%,61.21
montway auto transport reviews,0,119,0%,65.71
philadelphia auto transport,0,119,0%,69.34
georgia to texas car shipping,0,118,0%,13.22
open air auto transport,0,118,0%,31.19
auto transport ohio to fl,0,118,0%,32.07
ship car from nc to ca,0,118,0%,41.36
car transport cost calculator,0,118,0%,49.15
best car transport from ny to florida,0,118,0%,56.53
reliable car transport,0,118,0%,62.19
car shipping hawaii to california,0,118,0%,65.72
florida auto transport companies,0,118,0%,85.36
auto transport new jersey to pennsylvania,0,118,0%,87.21
auto transport il to ca,0,117,0%,18.5
yacht shipping cost,0,117,0%,42.88
car shipping estimates,0,117,0%,68.26
shipping for car,0,117,0%,70.72
transport non running car,0,116,0%,20.73
motorcycle delivery cost,0,116,0%,31.23
car pickup and delivery service,0,116,0%,35.99
car transport calculator,0,116,0%,42.8
auto transport companies tallahassee fl,0,116,0%,59.33
cheap auto transport prices,0,116,0%,64.32
auto transport companies jacksonville fl,0,116,0%,80.11
boat shipping estimate,0,115,0%,6.86
trusted auto transport companies,0,115,0%,41.27
shipping car from arizona to texas,0,114,0%,27.95
sailboat transport rates,0,114,0%,49.51
car shipping greensboro,0,114,0%,77.46
rental car company auto transport,0,113,0%,9.94
boat shipping cost per mile,0,113,0%,10.12
california to kansas car shipping,0,113,0%,11.74
ship car from nj to ca,0,113,0%,21.38
best auto shipping services,0,113,0%,51.06
truck shipping services,0,113,0%,55.02
low cost car transport services,0,113,0%,60.19
fast car shipping,0,113,0%,64.92
car shipping for military,0,113,0%,74.67
car shipping prices,0,113,0%,76.31
discount auto shipping,0,112,0%,33.98
typical auto shipping rates,0,112,0%,70.38
car shipping companies new york,0,112,0%,82.37
auto transport colorado,0,112,0%,82.45
how to ship a car to another state,0,112,0%,85.8
how much is it to ship a car,0,112,0%,87.04
motorcycle shipping cost estimator,0,111,0%,19.35
ship car from florida to california,0,111,0%,48.59
specialized luxury car shipping services,0,111,0%,63.68
how much does it cost to ship a car from florida to north carolina,0,111,0%,78.14
cost to ship car from oklahoma city to eugene oregon,0,110,0%,4.35
cruise control auto transport,0,110,0%,9.15
tennessee to texas car shipping,0,110,0%,9.26
new jersey to california auto transport,0,110,0%,14.4
terminal to terminal auto shipping,0,110,0%,18.95
how much does it cost to ship a car from california to texas,0,110,0%,29.7
car shipping discount,0,110,0%,30.01
auto transporters,0,110,0%,40.55
auto ship,0,110,0%,56.11
car transport florida to new york,0,110,0%,59.89
tips for finding the cheapest car shipping options,0,110,0%,60.52
how to secure a competitive vehicle shipping quote,0,110,0%,60.88
alaska car shipping,0,110,0%,66.85
car shipping michigan,0,110,0%,67.47
car transport texas,0,110,0%,78.87
exotic enclosed auto transport,0,110,0%,80.08
vehicle transport quote,0,109,0%,69.5
auto shipping company,0,108,0%,36.1
free car shipping calculator,0,108,0%,36.59
car shipping north carolina,0,108,0%,52.07
types of vehicles used for car transport,0,108,0%,61.77
open auto transport services,0,108,0%,63.57
car transport california,0,108,0%,78.48
non running vehicle transport,0,107,0%,8.95
das auto shippers,0,107,0%,25.75
cost of yacht transport,0,107,0%,39.93
how much does it cost to ship a motorcycle,0,107,0%,44.26
car transport service new york,0,107,0%,75.96
pennsylvania vehicle shipping,0,106,0%,1.06
how to ship a car from oklahoma city to eugene oregon,0,106,0%,3.7
cost to ship car from oklahoma city to eugene or,0,106,0%,4.19
non running car shipping,0,106,0%,6.75
kwik trans,0,106,0%,8.19
specialized transport services for exotic autos,0,106,0%,46.64
bakersfield auto shipping,0,106,0%,59.11
single car enclosed transport,0,106,0%,59.94
cheap auto transport quotes,0,106,0%,60.37
enclosed vs open car shipping,0,106,0%,60.71
shipping vehicle cost,0,106,0%,78.22
auto shipping flordia,0,106,0%,81.58
car shipping from los angeles to houston,0,105,0%,13.81
ready auto transport reviews,0,105,0%,35.82
"long haul car transportation san jose,can",0,105,0%,53.14
scottsdale car shipping,0,105,0%,62.65
car shipping california to hawaii,0,105,0%,65.41
automobile shipping rates,0,105,0%,67.24
why are cars so expensive,0,104,0%,26.77
vehicle transport services near me,0,104,0%,57.38
cheap motorcycle transport,0,104,0%,61.88
shipping vehicles to hawaii,0,104,0%,67.92
shipping non running cars,0,103,0%,8.3
california to nevada auto transport,0,103,0%,11.11
how much does it cost to ship a car from texas to california,0,103,0%,14.71
rental car companies car transporters,0,103,0%,23.31
ship car from new jersey to california,0,103,0%,24.18
car shipping seattle to hawaii,0,103,0%,46.11
mercury auto transport,0,103,0%,56.54
best auto shipping services services,0,103,0%,63.5
car transport service arizona,0,103,0%,66.51
louisiana auto transport,0,103,0%,72.74
new york auto transport,0,103,0%,73.62
how much to ship a car from indiana to california,0,102,0%,10.76
enclosed vehicle transport reviews,0,102,0%,40.44
north carolina car shipping service,0,102,0%,54.64
ship a car to texas,0,102,0%,59.3
how to obtain and compare ship car quotes,0,102,0%,61.03
affordable motorcycle shipping,0,102,0%,69.44
ship a car cost,0,102,0%,69.72
car shipping open or enclosed,0,102,0%,70.16
california to colorado auto transport,0,101,0%,10.92
all american trucking and transport,0,101,0%,13.16
california to oregon car shipping,0,101,0%,15.83
long distance car transport services,0,101,0%,48.96
average auto shipping rates,0,101,0%,71.5
will the military ship my car stateside,0,101,0%,83.32
ship my car ohio to florida,0,100,0%,36.41
cheapest car transport company,0,100,0%,46.9
enclosed vehicle transport,0,100,0%,47.58
international boat transport cost,0,100,0%,50.25
classic vehicle transport services,0,100,0%,62.41
how to get comprehensive car transport quotes,0,100,0%,64.12
thomas c sunday,0,99,0%,7.85
how much to ship a car from florida to texas,0,99,0%,10.26
alaska residents buying trucks in idaho,0,99,0%,12.99
enclosed auto transport chicago,0,99,0%,16.78
cheapest way to ship car to another state,0,99,0%,19.89
open carrier transport,0,99,0%,41.27
montway auto transport,0,99,0%,44.27
enclosed transport scottsdale,0,99,0%,52.12
ship car from california to hawaii,0,99,0%,60.26
best car shipping service services,0,99,0%,64.28
what is auto transport insurance,0,98,0%,30.68
free car shipping quotes,0,98,0%,69.34
vehicle shipping costs,0,98,0%,76.28
shipping a car from hawaii,0,98,0%,77.04
car transport reviews,0,98,0%,81.05
shipping car across us,0,98,0%,82.29
international car shipping cost calculator,0,98,0%,85.44
j&s transport,0,97,0%,9.58
does autonation ship cars across country,0,97,0%,9.97
motorcycle shipping calculator,0,97,0%,30.73
boat transportation cost calculator,0,97,0%,32.76
open vs enclosed car shipping,0,97,0%,59.72
best auto shippers services,0,97,0%,63.12
enclosed auto shipping,0,97,0%,79.4
car transport services california,0,97,0%,82.74
brothers motors service,0,96,0%,7.76
rapid auto group,0,96,0%,9
lexus auto transport,0,96,0%,11.22
lowboy trucking companies,0,96,0%,43.81
what to know about enclosed carrier auto transport,0,96,0%,57.8
top-rated auto shipping services,0,96,0%,62.08
car shipping illinois,0,96,0%,75.75
ship car from california to washington,0,95,0%,6.71
car shipping seattle to anchorage,0,95,0%,53.91
reliable auto transportation services,0,95,0%,56.07
long distance auto transport services,0,95,0%,67.05
auto transport scottsdale,0,95,0%,69.71
ship car hawaii,0,95,0%,70.95
scottsdale vehicle shipping,0,95,0%,72
car shipping alaska,0,95,0%,79.95
car shipping san diego,0,95,0%,80.59
how much does it cost to ship a car from pa to fl,0,94,0%,11.53
connecticut to california auto transport,0,94,0%,19.39
ship car from hawaii to california,0,94,0%,58.47
long distance car movers,0,94,0%,61.83
ship vehicle to hawaii,0,94,0%,66.95
texas car shipping,0,94,0%,77.23
automobile transport services,0,93,0%,1.78
how much to ship a car from california to colorado,0,93,0%,7.42
cheapest way to ship car,0,93,0%,41.86
door-to-door auto transport st. louis,0,93,0%,45.71
efficient interstate car transport solutions,0,93,0%,52
shipping cars cost,0,93,0%,67.95
auto transport insurance requirements,0,93,0%,70.15
indianapolis auto transport,0,93,0%,71.22
ship a car from hawaii,0,93,0%,72.32
car delivery service cost,0,93,0%,72.77
semi truck shipping,0,93,0%,77.25
auto transport fort lauderdale fl,0,93,0%,81.62
tennessee to florida auto transport,0,92,0%,23.01
reliable car shipping companies,0,92,0%,28.77
exotic car transportation,0,92,0%,37.47
transport car from california to texas,0,92,0%,40.3
car transport instant quote,0,92,0%,43.43
cheapest car shipping company services,0,92,0%,50.01
car shipping service near me,0,92,0%,56.32
lowboy transport services,0,92,0%,58.9
vehicle transport damage insurance,0,92,0%,59.7
auto shipping to hawaii,0,92,0%,66.42
raleigh auto transport services,0,92,0%,80.04
covered car shipping,0,92,0%,80.58
las vegas car shipping,0,92,0%,87.1
pennsylvania to ohio auto transport,0,91,0%,6.11
transport king llc,0,91,0%,9.79
bus shipping,0,91,0%,11.16
california to indiana car shipping,0,91,0%,14.36
auto transport philadelphia pa,0,91,0%,15.64
door-to-door auto transport grand rapids,0,91,0%,29.64
exotic car transport company,0,91,0%,35.58
car pick up and delivery service,0,91,0%,47.85