#,Website Domain,Link Type,Est. Authority,Authority Tier (A/B/C),Meets DR 30+ Min,Meets Traffic 1K+ Min,Niche Relevance,Tier Allocation,Contact Method,Why This Site
1,move.org,Niche Edit,DR 70+,Tier A,YES,YES,Consumer reviews / car shipping,Tier 1,Editorial submission form,All 4 competitors listed. Submit for 'Best Car Shipping' review.
2,cars.com,Niche Edit,DR 92,Tier A,YES,YES,Automotive,Tier 1,cars.com/car-shipping editorial,Best car shipping companies list. 3 competitors featured.
3,usnews.com,Niche Edit,DR 93,Tier A,YES,YES,Consumer reviews / news,Tier 1,cars.usnews.com editorial,Best car shipping rankings. All 4 competitors listed.
4,cartalk.com,Niche Edit,DR 82,Tier A,YES,YES,Automotive editorial,Tier 1,cartalk.com editorial,"Car shipping guide. Montway, Sherpa, AmeriFreight listed."
5,freightwaves.com,Niche Edit,DR 76,Tier A,YES,YES,Logistics / transport,Tier 1,Checkpoint editorial team,Best car shipping review. All 4 competitors listed.
6,movebuddha.com,Niche Edit,DR 66,Tier A,YES,YES,Moving / relocation,Tier 1,editor@movebuddha.com,'How to Ship a Car' guide. Reviews competitors. Pitch inclusion.
7,automoblog.com,Niche Edit,DR 62,Tier A,YES,YES,Automotive editorial,Tier 1,Editorial contact form,"Reviews AmeriFreight, Montway, Sherpa individually."
8,retirementliving.com,Niche Edit,DR 61,Tier A,YES,YES,Relocation / consumer,Tier 2,Editorial team,Best car shipping reviews. All 4 competitors listed.
9,screened.com,Niche Edit,DR 56,Tier B,YES,YES,Consumer reviews,Tier 1,Blog editorial,Best car transport companies blog post.
10,citizenshipper.com,Niche Edit,DR 56,Tier B,YES,YES,Transport / shipping,Tier 1,Blog editorial,"Reviews AmeriFreight, Montway in blog post."
11,agoyu.com,Niche Edit,DR 52,Tier B,YES,YES,Moving comparison,Tier 1,Comparison platform submission,Moving comparison site. 3 competitors listed.
12,arcrelocation.com,Niche Edit,DR 51,Tier B,YES,YES,Relocation,Tier 2,Site contact form,'5 Best Car Transport Companies' article.
13,jackcooper.com,Niche Edit,DR 56,Tier B,YES,YES,Auto transport / logistics,Tier 1,Blog editorial,Top 10 car shipping companies article.
14,extraspace.com,Niche Edit,DR 76,Tier A,YES,YES,Moving / storage,Tier 2,Blog team via site,'How to Ship Your Car' article.
15,consumeraffairs.com,Niche Edit,DR 86,Tier A,YES,YES,Consumer reviews,Tier 3,Accredited business application,'Cost to Ship a Car' guide.
16,allaroundmoving.com,Guest Post Placement,DR 56,Tier B,YES,YES,Moving industry,Tier 1,info@allaroundmoving.com,1.5M+ visitors. Negotiate placement. Send brief to content team.
17,123relocation.com,Guest Post Placement,DR 46,Tier B,YES,YES,Relocation,Tier 1,Submission form,US relocation guides. Get topic approved. Content team writes.
18,connect.moversville.com,Guest Post Placement,DR 46,Tier B,YES,YES,Moving industry,Tier 1,Guidelines page,"2,500+ industry newsletter. Secure slot. Content team drafts."
19,truckin247.com,Guest Post Placement,DR 41,Tier B,YES,VERIFY,Trucking / logistics,Tier 3,Site form,"Movers, shipping, logistics. Secure placement only."
20,fccr.co,Guest Post Placement,DR 41,Tier B,YES,VERIFY,Trucking / freight,Tier 2,Site form,"Trucking, freight. 2-3 links/piece. Negotiate placement."
21,simplyauto.app,Guest Post Placement,DR 41,Tier B,YES,VERIFY,Automotive,Tier 1,Site form,Automotive. 1 dofollow. Coordinate placement.
22,betterqualitylogistics.com,Guest Post Placement,DR 41,Tier B,YES,VERIFY,Transport / logistics,Tier 1,Site form,Transport tech. Up to 2 links. Secure topic approval.
23,tornadodave.com,Guest Post Placement,DR 41,Tier B,YES,VERIFY,Moving / lifestyle,Tier 2,contact@tornadodave.com,Moving tips. Up to 3 dofollow. Negotiate placement.
24,urbansplatter.com,Guest Post Placement,DR 51,Tier B,YES,YES,Real estate / lifestyle,Tier 2,contact@urbansplatter.com,Real estate/lifestyle. Coordinate placement.
25,motorcraz.com,Guest Post Placement,DR 41,Tier B,YES,VERIFY,Automotive,Tier 2,contact@motorcraz.com,"Auto dealerships. Negotiate, content team writes."
26,ioscm.com,Guest Post Placement,DR 56,Tier B,YES,YES,Supply chain / logistics,Tier 1,kimberley.jayne@ioscm.com,Supply Chain Management institute. Publication placement.
27,crestnetwork.com,Guest Post Placement,DR 51,Tier B,YES,YES,Real estate,Tier 2,Site form,"200,000+ real estate pros. Coordinate placement."
28,fastexpert.com,Guest Post Placement,DR 56,Tier B,YES,YES,Real estate,Tier 2,Site form,50K+ real estate agents. Coordinate placement.
29,carshippinghawaii.com,Guest Post Placement,DR 41,Tier B,YES,VERIFY,Car shipping niche,Tier 3,jerwin@clickleadclose.com,Directly car shipping niche. Secure slot.
30,helpareporter.com,Media Mention,DR 86,Tier A,YES,YES,Media / journalism,Tier 1,Sign up + monitor daily,HARO. Respond to transport/moving/relocation queries.
31,qwoted.com,Media Mention,DR 71,Tier A,YES,YES,Media / journalism,Tier 1,Platform signup,Journalist-source matching. Free 3/mo or $149.99/mo.
32,prnewswire.com,Media Mention,DR 91,Tier A,YES,YES,Press release distribution,Tier 1,Press release distribution,Distribute data reports + company news.
33,einpresswire.com,Media Mention,DR 81,Tier A,YES,YES,Press release distribution,Tier 2,Press release submission,Budget-friendly press release distribution.
34,pods.com,Resource Page,DR 76,Tier A,YES,YES,Moving / relocation,Tier 1,Corporate partnerships,Vehicle transport resource center.
35,relocationresources.org,Resource Page,DR 46,Tier B,YES,VERIFY,Relocation,Tier 1,Site contact,Official Relocation Guide. Resource directory.
36,wmcmovers.com,Resource Page,DR 46,Tier B,YES,VERIFY,Moving industry,Tier 3,Association contact,Washington Movers Conference. 'Useful Links' section.
37,pcsgrades.com,Resource Page,DR 51,Tier B,YES,YES,Military relocation,Tier 2,Sponsored content inquiry,Military PCS relocation. Accepts sponsored placements.
38,shipacardirect.com,Resource Page,DR 51,Tier B,YES,YES,Car shipping,Tier 3,Site contact form,Dedicated car shipping resources page.
39,colonialvanlines.com,Resource Page,DR 58,Tier B,YES,YES,Moving / transport,Tier 1,Blog team via site,'Auto Transport Guide' article.
40,parkslopeparents.com,Resource Page,DR 52,Tier B,YES,YES,Parenting / relocation,Tier 2,Site contact,Moving Resources page with links.
41,transportreviews.com,Directory,DR 62,Tier A,YES,YES,Auto transport reviews,Tier 1,Company profile submission,"CRITICAL. AmeriFreight has 29,306 reviews. Claim profile."
42,consumeraffairs.com,Directory,DR 86,Tier A,YES,YES,Consumer reviews,Tier 1,Accredited business application,All 4 competitors have profiles. Apply immediately.
43,bbb.org,Directory,DR 93,Tier A,YES,YES,Business directory,Tier 1,bbb.org/get-accredited,A+ rating. All competitors listed.
44,a1autotransport.com,Directory,DR 56,Tier B,YES,YES,Auto transport,Tier 1,Directory submission,30+ year industry directory.
45,movecars.com,Directory,DR 46,Tier B,YES,YES,Car transport directory,Tier 2,Site submission,#1 car moving directory.
46,automotive-fleet.com,Directory,DR 61,Tier A,YES,YES,Fleet / automotive B2B,Tier 2,Fleet directory submission,B2B fleet transport publication.
47,dnb.com,Directory,DR 93,Tier A,YES,YES,Business directory,Tier 3,Listing submission,Dun & Bradstreet. Business credibility.
48,ttnews.com,Directory,DR 71,Tier A,YES,YES,Transport / logistics news,Tier 3,Freight directory submission,Transport Topics. Major industry publication.
49,feedspot.com,Directory,DR 76,Tier A,YES,YES,Blog directory,Tier 3,Blog submission form,Top auto shipping blogs directory.
