#,Website Domain,Type,Est. Authority,Why Target,Contact Method
1,move.org,Niche Edit,DR 70+,All 4 competitors listed. Submit for review/ranking inclusion.,Editorial submission form
2,cars.com,Niche Edit,DR 90+,"Best car shipping companies list. Montway, Sherpa, AmeriFreight listed.",cars.com/car-shipping editorial team
3,usnews.com,Niche Edit,DR 90+,Best car shipping companies ranking. All 4 competitors listed.,cars.usnews.com editorial
4,cartalk.com,Niche Edit,DR 80+,"Car shipping guide section. Montway, Sherpa, AmeriFreight listed.",cartalk.com editorial
5,freightwaves.com,Niche Edit,DR 75+,Best car shipping companies review. All 4 competitors listed.,Checkpoint editorial team
6,consumeraffairs.com,Directory,DR 85+,All 4 competitors have profiles. Apply for accredited brand.,Accredited business application
7,movebuddha.com,Niche Edit,DR 65+,"Reviews Montway, Sherpa, AAS. Pitch for individual review.",editor@movebuddha.com
8,automoblog.com,Niche Edit,DR 60+,"Reviews AmeriFreight, Montway, Sherpa.",Editorial contact form
9,retirementliving.com,Niche Edit,DR 60+,Best car shipping reviews. All 4 competitors listed.,Editorial team
10,agoyu.com,Niche Edit,DR 50+,"Moving comparison site. Montway, Sherpa, AmeriFreight listed.",Comparison platform submission
11,screened.com,Niche Edit,DR 55+,Best car transport companies blog. Competitors listed.,Blog editorial
12,citizenshipper.com,Niche Edit,DR 55+,"Reviews AmeriFreight, Montway in blog.",Blog editorial
13,arcrelocation.com,Resource Page,DR 50+,5 Best Car Transport Companies article + relocation resource center.,Site contact form
14,jackcooper.com,Niche Edit,DR 55+,Top 10 best car shipping companies article.,Blog editorial
15,extraspace.com,Niche Edit,DR 75+,'How to Ship Your Car' article references auto transport.,Blog team
16,allaroundmoving.com,Guest Post,DR 55+,1.5M+ monthly visitors. Moving niche. Verified write-for-us.,info@allaroundmoving.com
17,123relocation.com,Guest Post,DR 45+,US relocation guides since 1996. All 50 states.,Submission form on site
18,connect.moversville.com,Guest Post,DR 45+,"2,500+ industry pros newsletter. Free guest posts.",Guest post guidelines page
19,truckin247.com,Guest Post,DR 40+,"Movers, dispatching, shipping, logistics topics.",Site submission form
20,fccr.co,Guest Post,DR 40+,"Trucking, freight. 2-3 backlinks per piece.",Site submission form
21,simplyauto.app,Guest Post,DR 40+,"Automotive. 1,500+ words. 1 dofollow link.",Submission form
22,betterqualitylogistics.com,Guest Post,DR 40+,"Transport tech, fleet management. Up to 2 links.",Site form
23,motorcraz.com,Guest Post,DR 40+,"Auto dealerships, service centers. 1,000+ words.",contact@motorcraz.com
24,tornadodave.com,Guest Post,DR 40+,Moving tips. Up to 3 dofollow links.,contact@tornadodave.com
25,urbansplatter.com,Guest Post,DR 50+,Real estate/lifestyle. Relocation content angle.,contact@urbansplatter.com
26,carshippinghawaii.com,Guest Post,DR 40+,Directly car shipping niche.,jerwin@clickleadclose.com
27,ioscm.com,Guest Post,DR 55+,Institute of Supply Chain Management. Publication placement.,kimberley.jayne@ioscm.com
28,fastexpert.com,Guest Post,DR 55+,Real estate directory. 50K+ agents. Relocation content.,Site form
29,crestnetwork.com,Guest Post,DR 50+,"200,000+ real estate pros. 1,000+ word min.",Site form
30,pods.com,Resource Page,DR 75+,Vehicle transport resource center. Partners with shipping providers.,Corporate partnerships
31,relocationresources.org,Resource Page,DR 45+,Official Relocation Guide for the Nation.,Site contact
32,wmcmovers.com,Resource Page,DR 45+,Washington Movers Conference. Useful Links section.,Association contact
33,pcsgrades.com,Resource Page,DR 50+,Military PCS relocation. Accepts sponsored content.,Sponsored content inquiry
34,shipacardirect.com,Resource Page,DR 50+,Dedicated car shipping resources page.,Site contact form
35,transportreviews.com,Directory,DR 60+,"CRITICAL. AmeriFreight has 29,306 reviews here. Claim profile.",Company submission
36,bbb.org,Directory,DR 90+,A+ rating. All competitors listed. Apply for accreditation.,bbb.org/get-accredited
37,a1autotransport.com,Directory,DR 55+,30+ year industry directory with ratings.,Directory submission
38,movecars.com,Directory,DR 45+,#1 car moving directory. Verified transporters.,Site submission
39,automotive-fleet.com,Directory,DR 60+,B2B fleet transport publication.,Fleet solution directory submission
40,dnb.com,Directory,DR 90+,Dun & Bradstreet. Business credibility signal.,Listing submission
41,ttnews.com,Directory,DR 70+,Transport Topics. Major industry publication.,Freight brokers directory
42,feedspot.com,Directory,DR 75+,Top 60 auto shipping blogs directory.,Blog submission
43,helpareporter.com (HARO),Media,DR 85+,Monitor daily for auto transport/moving queries.,Sign up + respond to queries
44,qwoted.com,Media,DR 70+,Journalist-source matching. Vetted sources.,Platform signup ($149.99/mo or free 3/mo)
45,prnewswire.com,Media,DR 90+,Montway uses this. Distribute data reports + company news.,Press release distribution
46,einpresswire.com,Media,DR 80+,Budget-friendly alternative to PR Newswire.,Press release submission
